Keyword,Volume,KD,CPC_USD,Semrush intent,Intent class,Theme,Target page,On target page now,Turnover score,Stock fit
"electric motorbike",9670,20,0.45,"Commercial","Commercial (Semrush)","Electric motorbike","/electric-motor-bikes/","Title",15472,yes
"electric dirt bike",8710,19,0.62,"Informational, Commercial","Commercial (Semrush)","Electric dirt bike","/electric-dirt-bikes/","Title",13936,yes
"e bike",42600,29,0.46,"Informational, Commercial","Commercial (Semrush)","Generic e-bike (bicycle demand)","/electric-motor-bikes/rtr-ebike/","Title",10224,yes
"kids electric bike",4570,16,0.62,"Commercial","Commercial (Semrush)","Kids & youth","/electric-motor-bikes/kids/","Title",7312,yes
"rtr e bike",2480,7,0.49,"Commercial","Commercial (Semrush)","RTR eBike","/electric-motor-bikes/rtr-ebike/","Title",4960,yes
"electric bike",32600,35,0.46,"Informational, Commercial","Commercial (Semrush)","Generic e-bike (bicycle demand)","/electric-motor-bikes/rtr-ebike/","Body only",4890,yes
"e dirt bike",1960,11,0.64,"Informational, Commercial","Commercial (Semrush)","Electric dirt bike","/electric-dirt-bikes/","Absent",3920,yes
"childs electric motorcycle",2400,15,0.49,"Commercial","Commercial (Semrush)","Kids & youth","/electric-motor-bikes/kids/","Meta description",3840,yes
"electric motorcycle",2620,22,0.34,"Informational, Commercial","Commercial (Semrush)","Electric motorcycle","/electric-motor-bikes/","Absent",3773,yes
"electric motorcycle australia",2490,26,0.28,"Commercial","Commercial (Semrush)","Electric motorcycle","/electric-motor-bikes/","Absent",3586,yes
"childrens electric motorbike",2060,20,0.47,"Commercial","Commercial (Semrush)","Kids & youth","/electric-motor-bikes/kids/","Absent",3296,yes
"electric motorbike australia",1940,26,0.49,"Commercial","Commercial (Semrush)","Electric motorbike","/electric-motor-bikes/","Title",3104,yes
"electric dirt bike motorcycle",1780,23,0.62,"Informational, Commercial","Commercial (Semrush)","Electric dirt bike","/electric-dirt-bikes/","Absent",2848,yes
"childrens electric dirt bike",1410,14,0.54,"Commercial","Commercial (Semrush)","Kids & youth","/electric-motor-bikes/kids/","Absent",2820,yes
"electric dirt bike australia",1710,17,0.46,"Informational, Commercial","Commercial (Semrush)","Electric dirt bike","/electric-dirt-bikes/","Title",2736,yes
"kids electric motorbike",1520,17,0,"Commercial","Commercial (Semrush)","Kids & youth","/electric-motor-bikes/kids/","H1",2432,yes
"e motorbike",1430,28,0.68,"Commercial","Commercial (Semrush)","Electric motorbike","/electric-motor-bikes/","Absent",2288,yes
"children electric bike",1090,13,0.65,"Commercial","Commercial (Semrush)","Kids & youth","/electric-motor-bikes/kids/","Absent",2180,yes
"electric moped melbourne",1300,23,0.4,"Informational, Commercial","Commercial (Semrush)","Geo: Melbourne (Mopeds)","/electric-motor-bikes/melbourne/","Absent",2080,yes
"electric bike kids",1020,12,0,"Commercial","Commercial (Semrush)","Kids & youth","/electric-motor-bikes/kids/","Absent",2040,yes
"childs dirt bike",1000,8,0.27,"Commercial","Commercial (Semrush)","Kids & youth","/electric-motor-bikes/kids/","Absent",2000,yes
"electric motocross motorcycle",880,14,0.35,"Commercial","Commercial (Semrush)","Electric motocross","/shop/","Absent",1760,yes
"electric motorbike kids",1060,17,0,"Commercial","Commercial (Semrush)","Kids & youth","/electric-motor-bikes/kids/","Body only",1696,yes
"dirt bike for kids",1040,22,0.64,"Commercial","Commercial (Semrush)","Kids & youth","/electric-motor-bikes/kids/","Absent",1664,yes
"electric motorcycle moped",1000,17,0.33,"Commercial","Commercial (Semrush)","Mopeds","/electric-motor-bikes/commuter-mopeds/","Absent",1600,yes
"childrens dirt bike",1000,24,0,"Commercial","Commercial (Semrush)","Kids & youth","/electric-motor-bikes/kids/","Absent",1600,yes
"electric motorcycle bikes",1110,24,0.28,"Commercial","Commercial (Semrush)","Electric motorcycle","/electric-motor-bikes/","Absent",1598,yes
"e motorcycle",1050,24,0.48,"Commercial","Commercial (Semrush)","Electric motorcycle","/electric-motor-bikes/","Absent",1512,yes
"dirt bike bikes",930,18,0.71,"Informational, Commercial","Commercial (Semrush)","Electric dirt bike","/electric-dirt-bikes/","Absent",1488,yes
"electric off road bike",730,11,0.45,"Informational, Commercial","Commercial (Semrush)","Off-road / trail / enduro","/electric-dirt-bikes/","Absent",1460,yes
"electric motor bikes for sale",600,26,0.31,"Transactional","Transactional (Semrush)","Electric motorbike","/electric-motor-bikes/","Absent",1440,yes
"electric dirt bike for adults",690,14,0.49,"Commercial","Commercial (Semrush)","Electric dirt bike","/electric-dirt-bikes/","Absent",1380,yes
"off road electric bikes",690,5,0.45,"Informational, Commercial","Commercial (Semrush)","Off-road / trail / enduro","/electric-dirt-bikes/","Body only",1380,yes
"kids ebike",650,6,0,"Commercial","Commercial (Semrush)","Kids & youth","/electric-motor-bikes/kids/","Absent",1300,yes
"electric motocross bike",810,17,0.38,"Commercial","Commercial (Semrush)","Electric motocross","/shop/","Absent",1296,yes
"off road ebikes",630,7,0.45,"Informational, Commercial","Commercial (Semrush)","Off-road / trail / enduro","/electric-dirt-bikes/","Absent",1260,yes
"e bike australia",7960,45,0.47,"Informational, Commercial","Commercial (Semrush)","Generic e-bike (bicycle demand)","/electric-motor-bikes/rtr-ebike/","Title",1194,yes
"kids electric dirt bike",710,15,0,"Commercial","Commercial (Semrush)","Kids & youth","/electric-motor-bikes/kids/","Absent",1136,yes
"electric moped australia",1110,31,0.55,"Informational, Commercial","Commercial (Semrush)","Mopeds","/electric-motor-bikes/commuter-mopeds/","Subheading",1110,yes
"electric dirt bike for sale",330,13,0.43,"Transactional","Transactional (Semrush)","Electric dirt bike","/shop/","Title",990,yes
"childs e bike",480,11,0.62,"Informational, Commercial","Commercial (Semrush)","Kids & youth","/electric-motor-bikes/kids/","Absent",960,yes
"electric childs bike",480,10,0.62,"Commercial","Commercial (Semrush)","Kids & youth","/electric-motor-bikes/kids/","Absent",960,yes
"e bike electric",6310,46,0.46,"Commercial","Commercial (Semrush)","Generic e-bike (bicycle demand)","/electric-motor-bikes/rtr-ebike/","Absent",947,yes
"high performance electric dirt bike",590,21,0,"Commercial","Commercial (Semrush)","Electric dirt bike","/electric-dirt-bikes/","Absent",944,yes
"electric moped perth",590,25,0.46,"Commercial","Commercial (Semrush)","Geo: Perth (Mopeds)","/electric-motor-bikes/perth/","Absent",944,yes
"best e bikes australia",2910,8,0.39,"Commercial","Commercial (Semrush)","Generic e-bike (bicycle demand)","/electric-motor-bikes/rtr-ebike/","Absent",873,yes
"electric motorbike for adults",540,20,0.38,"Commercial","Commercial (Semrush)","Electric motorbike","/electric-motor-bikes/","Absent",864,yes
"electric kids bike",530,16,0,"Commercial","Commercial (Semrush)","Kids & youth","/electric-motor-bikes/kids/","Absent",848,yes
"e bike off road",410,6,0.45,"Informational, Commercial","Commercial (Semrush)","Off-road / trail / enduro","/electric-dirt-bikes/","Absent",820,yes
"electric dirt bike for kids",500,18,0,"Commercial","Commercial (Semrush)","Kids & youth","/electric-motor-bikes/kids/","Absent",800,yes
"electric pit bike",830,16,0.59,"Commercial","Commercial (Semrush)","Pit bikes","/shop/razor-mx650-electric-kids/","Absent",797,yes
"electric kids motorbike",390,13,0,"Commercial","Commercial (Semrush)","Kids & youth","/electric-motor-bikes/kids/","Absent",780,yes
"childs electric bike",390,7,0.62,"Commercial","Commercial (Semrush)","Kids & youth","/electric-motor-bikes/kids/","Absent",780,yes
"electric moped bike",390,12,0.98,"Informational, Commercial","Commercial (Semrush)","Mopeds","/electric-motor-bikes/commuter-mopeds/","Absent",780,yes
"electric motorcycle for sale",360,20,0.36,"Transactional","Transactional (Semrush)","Electric motorcycle","/electric-motor-bikes/","Absent",778,yes
"childs electric bicycle",480,16,0.62,"Commercial","Commercial (Semrush)","Kids & youth","/electric-motor-bikes/kids/","Absent",768,yes
"ebike sydney",2950,26,0.52,"Commercial","Commercial (Semrush)","Geo: Sydney (Generic e-bike (bicycle demand))","NO PAGE YET","no page",708,yes
"electric bikes melbourne",2900,24,0.37,"Commercial","Commercial (Semrush)","Geo: Melbourne (Generic e-bike (bicycle demand))","/electric-motor-bikes/melbourne/","Subheading",696,yes
"rtr bike",320,5,0.8,"Commercial","Commercial (Semrush)","RTR eBike","/electric-motor-bikes/rtr-ebike/","Absent",640,yes
"electric bike australia",4060,39,0.47,"Informational, Commercial","Commercial (Semrush)","Generic e-bike (bicycle demand)","/electric-motor-bikes/rtr-ebike/","Absent",609,yes
"best electric bike australia",2030,12,0.39,"Commercial","Commercial (Semrush)","Generic e-bike (bicycle demand)","/electric-motor-bikes/rtr-ebike/","Absent",609,yes
"australia electric motorcycle",390,17,0.25,"Commercial","Commercial (Semrush)","Electric motorcycle","/electric-motor-bikes/","Absent",562,yes
"ebike dirt bike",280,14,0.81,"Commercial","Commercial (Semrush)","Electric dirt bike","/electric-dirt-bikes/","Absent",560,yes
"electric motorcycle for adults",380,25,0.38,"Commercial","Commercial (Semrush)","Electric motorcycle","/electric-motor-bikes/","Absent",547,yes
"adult electric dirt bike",260,14,0.49,"Commercial","Commercial (Semrush)","Electric dirt bike","/electric-dirt-bikes/","Absent",520,yes
"rtr electric bike",320,17,0.49,"Commercial","Commercial (Semrush)","RTR eBike","/electric-motor-bikes/rtr-ebike/","Absent",512,yes
"ebike melbourne",3410,43,0.37,"Commercial","Commercial (Semrush)","Geo: Melbourne (Generic e-bike (bicycle demand))","/electric-motor-bikes/melbourne/","Absent",512,yes
"electric trail bike",310,15,0.5,"Informational, Commercial","Commercial (Semrush)","Off-road / trail / enduro","/electric-dirt-bikes/","Body only",496,yes
"cheap e dirt bike",240,14,0.34,"Commercial","Commercial (Semrush)","Electric dirt bike","/shop/","Absent",480,yes
"electric bikes perth",1900,23,0.37,"Commercial","Commercial (Semrush)","Geo: Perth (Generic e-bike (bicycle demand))","/electric-motor-bikes/perth/","Subheading",456,yes
"electric fat bike",720,9,0.58,"Informational, Commercial","Commercial (Semrush)","Fat-tyre e-bikes","/shop/super73-rx-mojave/","Absent",432,partial
"electric offroad bike",210,8,0.45,"Informational, Commercial","Commercial (Semrush)","Off-road / trail / enduro","/electric-dirt-bikes/","Absent",420,yes
"boy electric bike for 10 year old",210,10,0,"Commercial","Commercial (Semrush)","Kids & youth","/electric-motor-bikes/kids/","Absent",420,yes
"electric motocross bicycle",260,27,0.35,"Informational, Commercial","Commercial (Semrush)","Electric motocross","/shop/","Absent",416,yes
"e motocross bike",260,17,0,"Commercial","Commercial (Semrush)","Electric motocross","/shop/","Absent",416,yes
"kids dirt bikes",260,24,0,"Commercial","Commercial (Semrush)","Kids & youth","/electric-motor-bikes/kids/","Absent",416,yes
"children's electric motorcycles",260,18,0.49,"Informational, Commercial","Commercial (Semrush)","Kids & youth","/electric-motor-bikes/kids/","Absent",416,yes
"ebike motorcycle",280,27,0.59,"Commercial","Commercial (Semrush)","Electric motorcycle","/electric-motor-bikes/","Absent",403,yes
"cheap electric dirt bike",200,14,0.55,"Commercial","Commercial (Semrush)","Electric dirt bike","/shop/","Absent",400,yes
"electric bikes for sale",1770,36,0.36,"Transactional","Transactional (Semrush)","Generic e-bike (bicycle demand)","/electric-motor-bikes/rtr-ebike/","Absent",398,yes
"electric bicycle perth wa",2400,23,0.37,"Commercial","Commercial (Semrush)","Geo: Perth (Generic e-bike (bicycle demand))","NO PAGE YET","no page",384,yes
"ebikes perth",2390,35,0.37,"Commercial","Commercial (Semrush)","Geo: Perth (Generic e-bike (bicycle demand))","/electric-motor-bikes/perth/","Absent",359,yes
"best electric dirt bike",220,15,0.84,"Commercial","Commercial (Semrush)","Electric dirt bike","/electric-dirt-bikes/","Body only",352,yes
"electric motorbike perth",170,14,0.26,"Commercial","Commercial (Semrush)","Geo: Perth (Electric motorbike)","/electric-motor-bikes/perth/","Title",340,yes
"e ride pro australia",170,10,0.32,"Commercial","Commercial (Semrush)","E-Ride Pro brand","/shop/e-ride-pro-ss-2-0/","Absent",340,yes
"eletric motorbike",210,19,0.45,"Commercial","Commercial (Semrush)","Electric motorbike","/electric-motor-bikes/","Absent",336,yes
"electric motorbike for 7 year old",210,20,0,"Informational, Commercial","Commercial (Semrush)","Kids & youth","/electric-motor-bikes/kids/","Absent",336,yes
"cheapest electric dirt bike",160,13,0.55,"Commercial","Commercial (Semrush)","Electric dirt bike","/shop/","Absent",320,yes
"motorized trail bike",200,17,0.67,"Commercial","Commercial (Semrush)","Off-road / trail / enduro","/electric-dirt-bikes/","Absent",320,yes
"electric bicycle ebike",1900,26,0.46,"Informational, Commercial","Commercial (Semrush)","Generic e-bike (bicycle demand)","/electric-motor-bikes/rtr-ebike/","Absent",304,yes
"electric dirt motorcycle",210,20,0.62,"Informational, Commercial","Commercial (Semrush)","Electric motorcycle","/electric-motor-bikes/","Absent",302,yes
"electric motorcycle australia price",210,22,0.42,"Commercial","Commercial (Semrush)","Electric motorcycle","/electric-motor-bikes/","Absent",302,yes
"electric motorcycle au",210,19,0.25,"Commercial","Commercial (Semrush)","Electric motorcycle","/electric-motor-bikes/","Absent",302,yes
"motor bike electric",180,21,0.78,"Commercial","Commercial (Semrush)","Electric motorbike","/electric-motor-bikes/","Absent",288,yes
"electric dirt bike cheap",140,13,0,"Commercial","Commercial (Semrush)","Electric dirt bike","/shop/","Absent",280,yes
"electric bike off road",140,4,0.45,"Informational, Commercial","Commercial (Semrush)","Off-road / trail / enduro","/electric-dirt-bikes/","Absent",280,yes
"childs electric motorbike",140,11,0.49,"Informational, Commercial","Commercial (Semrush)","Kids & youth","/electric-motor-bikes/kids/","Body only",280,yes
"electric motorbike for 5 year old",140,10,0,"Commercial","Commercial (Semrush)","Kids & youth","/electric-motor-bikes/kids/","Absent",280,yes
"electric moped bicycle",140,6,0.98,"Commercial","Commercial (Semrush)","Mopeds","/electric-motor-bikes/commuter-mopeds/","Absent",280,yes
"leki electric motorbike",140,9,0.51,"Commercial","Commercial (Semrush)","Electric motorbike","/electric-motor-bikes/","Absent",280,yes
"e dirt bike australia",170,15,0.47,"Commercial","Commercial (Semrush)","Electric dirt bike","/electric-dirt-bikes/","Absent",272,yes
"electric dirt motorbike",170,16,0.56,"Commercial","Commercial (Semrush)","Electric motorbike","/electric-motor-bikes/","Absent",272,yes
"emotorbike",170,22,0.61,"Informational, Commercial","Commercial (Semrush)","Electric motorbike","/electric-motor-bikes/","Absent",272,yes
"e bike parts australia",90,5,0.28,"Informational, Transactional","Transactional (Semrush)","Batteries, chargers & parts","/accessories/","Absent",270,yes
"ktm electric dirt bike australia price",90,9,0,"Transactional","Transactional (Semrush)","Youth brands (KTM/Husqvarna/Razor)","/electric-motor-bikes/kids/","Absent",270,yes
"moped prices",110,18,0.4,"Transactional","Transactional (Semrush)","Mopeds","/electric-motor-bikes/commuter-mopeds/","Absent",264,yes
"best electric motorcycle",180,29,0.43,"Commercial","Commercial (Semrush)","Electric motorcycle","/electric-motor-bikes/","Absent",259,yes
"cheap electric motorbikes",160,20,0.95,"Commercial","Commercial (Semrush)","Electric motorbike","/electric-motor-bikes/","Absent",256,yes
"electric bikes sydney",1670,32,0.52,"Commercial","Commercial (Semrush)","Geo: Sydney (Generic e-bike (bicycle demand))","NO PAGE YET","no page",251,yes
"electric moto",170,24,0.34,"Commercial","Commercial (Semrush)","Electric motorcycle","/electric-motor-bikes/","Body only",245,yes
"australian ebike",1000,27,0.47,"Commercial","Commercial (Semrush)","Generic e-bike (bicycle demand)","/electric-motor-bikes/rtr-ebike/","Absent",240,yes
"melbourne electric bikes",990,26,0.37,"Commercial","Commercial (Semrush)","Geo: Melbourne (Generic e-bike (bicycle demand))","/electric-motor-bikes/melbourne/","Body only",238,yes
"melbourne ebike",940,26,0.37,"Commercial","Commercial (Semrush)","Geo: Melbourne (Generic e-bike (bicycle demand))","/electric-motor-bikes/melbourne/","Absent",226,yes
"dirt bike electric",140,20,0.62,"Informational, Commercial","Commercial (Semrush)","Electric dirt bike","/electric-dirt-bikes/","Body only",224,yes
"electric bike motorbike",140,19,0,"Commercial","Commercial (Semrush)","Electric motorbike","/electric-motor-bikes/","Absent",224,yes
"good electric dirt bike",140,17,0.84,"Commercial","Commercial (Semrush)","Electric dirt bike","/electric-dirt-bikes/","Absent",224,yes
"best electric road motorbike australia",140,23,0.27,"Commercial","Commercial (Semrush)","Electric motorbike","/electric-motor-bikes/","Absent",224,yes
"best electric motorbikes",140,25,0.29,"Commercial","Commercial (Semrush)","Electric motorbike","/electric-motor-bikes/","Absent",224,yes
"e bikes for 10 year olds",140,21,0.44,"Informational, Commercial","Commercial (Semrush)","Kids & youth","/electric-motor-bikes/kids/","Absent",224,yes
"electric motorbike for 3 year old",140,17,0,"Commercial","Commercial (Semrush)","Kids & youth","/electric-motor-bikes/kids/","Absent",224,yes
"motorbike bicycle",140,20,0.9,"Informational, Commercial","Commercial (Semrush)","Electric motorbike","/electric-motor-bikes/","Absent",224,yes
"off road electric bike australia",110,5,0.32,"Informational, Commercial","Commercial (Semrush)","Off-road / trail / enduro","/electric-dirt-bikes/","Absent",220,yes
"electric kids dirt bike",110,13,0,"Commercial","Commercial (Semrush)","Kids & youth","/electric-motor-bikes/kids/","Absent",220,yes
"electric bike parts australia",110,5,0.28,"Informational, Commercial","Commercial (Semrush)","Batteries, chargers & parts","/accessories/","Absent",220,yes
"e-ride pro ss",110,14,0.48,"Navigational, Commercial","Commercial (Semrush)","E-Ride Pro brand","/shop/e-ride-pro-ss-2-0/","Title",220,yes
"e bikes brisbane",1440,37,0.6,"Navigational, Commercial","Commercial (Semrush)","Geo: Brisbane (Generic e-bike (bicycle demand))","NO PAGE YET","no page",216,yes
"electric dirt bike australia for sale",70,13,0.28,"Transactional","Transactional (Semrush)","Electric dirt bike","/shop/","Absent",210,yes
"e motorbike australia",210,33,0.52,"Commercial","Commercial (Semrush)","Electric motorbike","/electric-motor-bikes/","Absent",210,yes
"e bike motorbike",210,41,0.98,"Commercial","Commercial (Semrush)","Electric motorbike","/electric-motor-bikes/","Absent",210,yes
"cheap mopeds",100,13,0.32,"Informational, Commercial","Commercial (Semrush)","Mopeds","/electric-motor-bikes/commuter-mopeds/","Absent",200,yes
"youth dirt bikes",120,26,0.88,"Commercial","Commercial (Semrush)","Kids & youth","/electric-motor-bikes/kids/","Body only",192,yes
"fat bike australia",320,14,0.4,"Commercial","Commercial (Semrush)","Fat-tyre e-bikes","/shop/super73-rx-mojave/","Absent",192,partial
"e motorcycle australia",210,33,0.38,"Commercial","Commercial (Semrush)","Electric motorcycle","/electric-motor-bikes/","Absent",189,yes
"melbourne electric bicycles",760,28,0.37,"Navigational, Commercial","Commercial (Semrush)","Geo: Melbourne (Generic e-bike (bicycle demand))","NO PAGE YET","no page",182,yes
"electric dirt bike australia cheap",90,10,0.22,"Commercial","Commercial (Semrush)","Electric dirt bike","/shop/","Absent",180,yes
"childrens electric dirt bike australia",90,6,0.58,"Informational, Commercial","Commercial (Semrush)","Kids & youth","/electric-motor-bikes/kids/","Absent",180,yes
"electric motorbike off road",90,9,0,"Informational, Commercial","Commercial (Semrush)","Off-road / trail / enduro","/electric-dirt-bikes/","Absent",180,yes
"electric off road motorbike",90,12,0.51,"Informational, Commercial","Commercial (Semrush)","Off-road / trail / enduro","/electric-dirt-bikes/","Absent",180,yes
"best off-road electric bike australia",90,12,0.47,"Commercial","Commercial (Semrush)","Off-road / trail / enduro","/electric-dirt-bikes/","Absent",180,yes
"electric mopeds cheap",90,9,0.4,"Commercial","Commercial (Semrush)","Mopeds","/electric-motor-bikes/commuter-mopeds/","Absent",180,yes
"offroad ebike",90,7,0.45,"Commercial","Commercial (Semrush)","Off-road / trail / enduro","/electric-dirt-bikes/","Absent",180,yes
"e bike cruiser",590,12,0.48,"Informational, Commercial","Commercial (Semrush)","Generic e-bike (bicycle demand)","/electric-motor-bikes/rtr-ebike/","Absent",177,yes
"best electric dirt bike australia",110,16,0.52,"Commercial","Commercial (Semrush)","Electric dirt bike","/electric-dirt-bikes/","Absent",176,yes
"electric dirt bike perth",110,16,0.32,"Commercial","Commercial (Semrush)","Geo: Perth (Electric dirt bike)","/electric-motor-bikes/perth/","Body only",176,yes
"electric off road motorcycle",110,16,0,"Commercial","Commercial (Semrush)","Off-road / trail / enduro","/electric-dirt-bikes/","Absent",176,yes
"electric motorcycle for kids",110,23,0,"Informational, Commercial","Commercial (Semrush)","Kids & youth","/electric-motor-bikes/kids/","Absent",176,yes
"road legal electric motorbike",110,16,0.27,"Commercial","Commercial (Semrush)","Electric motorbike","/electric-motor-bikes/","Absent",176,yes
"best electric moped australia",110,16,0.34,"Commercial","Commercial (Semrush)","Mopeds","/electric-motor-bikes/commuter-mopeds/","Absent",176,yes
"electric children's motorcycle",110,22,0,"Commercial","Commercial (Semrush)","Kids & youth","/electric-motor-bikes/kids/","Absent",176,yes
"ev motorbike",110,25,0.35,"Commercial","Commercial (Semrush)","Electric motorbike","/electric-motor-bikes/","Absent",176,yes
"off road motorbikes",110,19,0.48,"Commercial","Commercial (Semrush)","Off-road / trail / enduro","/electric-dirt-bikes/","Absent",176,yes
"electric bicycle melbourne",1090,26,0.33,"Commercial","Commercial (Semrush)","Geo: Melbourne (Generic e-bike (bicycle demand))","NO PAGE YET","no page",174,yes
"cheap electric bikes australia under $500",720,23,0.36,"Informational, Commercial","Commercial (Semrush)","Generic e-bike (bicycle demand)","/electric-motor-bikes/rtr-ebike/","Absent",173,yes
"cheap electric bikes",720,28,0.52,"Informational, Commercial","Commercial (Semrush)","Generic e-bike (bicycle demand)","/electric-motor-bikes/rtr-ebike/","Absent",173,yes
"electric road motorbike",170,31,0.27,"Commercial","Commercial (Semrush)","Electric motorbike","/electric-motor-bikes/","Absent",170,yes
"electric child",70,23,0,"Informational, Transactional","Transactional (Semrush)","Kids & youth","/electric-motor-bikes/kids/","Absent",168,yes
"electric bicycle gold coast",1600,33,0.55,"Commercial","Commercial (Semrush)","Geo: Gold Coast (Generic e-bike (bicycle demand))","NO PAGE YET","no page",160,yes
"best fat tyre electric bike australia",320,18,0.55,"Commercial","Commercial (Semrush)","Fat-tyre e-bikes","/shop/super73-rx-mojave/","Absent",154,partial
"electric mx bike",90,17,0.29,"Commercial","Commercial (Semrush)","Electric motocross","/shop/","Absent",144,yes
"electic motorbike",90,16,0.45,"Commercial","Commercial (Semrush)","Electric motorbike","/electric-motor-bikes/","Absent",144,yes
"adult electric motorbike",90,20,0.38,"Commercial","Commercial (Semrush)","Electric motorbike","/electric-motor-bikes/","Absent",144,yes
"fast electric dirt bike",90,15,0,"Commercial","Commercial (Semrush)","Electric dirt bike","/electric-dirt-bikes/","Absent",144,yes
"electric motorbike brisbane",90,16,0.33,"Commercial","Commercial (Semrush)","Geo: Brisbane (Electric motorbike)","NO PAGE YET","no page",144,yes
"cheap electric motorcycle",100,16,0,"Commercial","Commercial (Semrush)","Electric motorcycle","/electric-motor-bikes/","Absent",144,yes
"australia electric motorbike",90,18,0.28,"Commercial","Commercial (Semrush)","Electric motorbike","/electric-motor-bikes/","Absent",144,yes
"fast electric motorbikes",90,16,0,"Commercial","Commercial (Semrush)","Electric motorbike","/electric-motor-bikes/","Absent",144,yes
"cheap electric mopeds",90,,0.4,"Commercial","Commercial (Semrush)","Mopeds","/electric-motor-bikes/commuter-mopeds/","Absent",144,yes
"e ride bike",90,17,1,"Navigational, Commercial","Commercial (Semrush)","E-Ride Pro brand","/shop/e-ride-pro-ss-2-0/","Absent",144,yes
"electric motorbike road",90,27,0,"Commercial","Commercial (Semrush)","Electric motorbike","/electric-motor-bikes/","Absent",144,yes
"electric trials motorcycle",110,21,0,"Informational, Commercial","Commercial (Semrush)","Trials bikes","/shop/oset-20-0-racing-junior/","Absent",141,yes
"electric mx motorcycle",70,11,0.29,"Informational, Commercial","Commercial (Semrush)","Electric motocross","/shop/","Absent",140,yes
"electric street legal dirt bike",70,12,0,"Commercial","Commercial (Semrush)","Electric dirt bike","/electric-dirt-bikes/","Absent",140,yes
"electric road motorbike australia",140,33,0.22,"Commercial","Commercial (Semrush)","Electric motorbike","/electric-motor-bikes/","Absent",140,yes
"mx e bike",70,6,0.29,"Commercial","Commercial (Semrush)","Electric motocross","/shop/","Absent",140,yes
"electric motorbike road legal",70,14,0,"Commercial","Commercial (Semrush)","Electric motorbike","/electric-motor-bikes/","Absent",140,yes
"youth electric bike",70,7,0.46,"Commercial","Commercial (Semrush)","Kids & youth","/electric-motor-bikes/kids/","Absent",140,yes
"best electric off road bike",70,6,0.42,"Commercial","Commercial (Semrush)","Off-road / trail / enduro","/electric-dirt-bikes/","Absent",140,yes
"electric moped cycle",70,14,0.98,"Commercial","Commercial (Semrush)","Mopeds","/electric-motor-bikes/commuter-mopeds/","Absent",140,yes
"enduro bikes australia",70,7,1.16,"Commercial","Commercial (Semrush)","Off-road / trail / enduro","/electric-dirt-bikes/","Absent",140,yes
"moped style e bike",70,11,0.41,"Commercial","Commercial (Semrush)","Mopeds","/electric-motor-bikes/commuter-mopeds/","Absent",140,yes
"e bike for 12 year olds",70,6,0,"Informational, Commercial","Commercial (Semrush)","Kids & youth","/electric-motor-bikes/kids/","Absent",140,yes
"best off road electric bike",70,11,0.42,"Commercial","Commercial (Semrush)","Off-road / trail / enduro","/electric-dirt-bikes/","Absent",140,yes
"childrens electric bicycle",70,5,0.73,"Commercial","Commercial (Semrush)","Kids & youth","/electric-motor-bikes/kids/","Absent",140,yes
"e pit bike",110,13,0.98,"Commercial","Commercial (Semrush)","Pit bikes","/shop/razor-mx650-electric-kids/","Absent",132,yes
"e bikes victoria",550,15,0.38,"Commercial","Commercial (Semrush)","Geo: Victoria (Generic e-bike (bicycle demand))","NO PAGE YET","no page",132,yes
"electric bikes for sale melbourne",290,13,0.24,"Transactional","Transactional (Semrush)","Geo: Melbourne (Generic e-bike (bicycle demand))","/electric-motor-bikes/melbourne/","Absent",131,yes
"best electric motorcycle australia",90,26,0.32,"Commercial","Commercial (Semrush)","Electric motorcycle","/electric-motor-bikes/","Absent",130,yes
"adult electric motorcycle",90,18,0.38,"Commercial","Commercial (Semrush)","Electric motorcycle","/electric-motor-bikes/","Absent",130,yes
"affordable electric motorcycle",90,21,0,"Commercial","Commercial (Semrush)","Electric motorcycle","/electric-motor-bikes/","Absent",130,yes
"electric motorcycle road legal",90,18,0.27,"Informational, Commercial","Commercial (Semrush)","Electric motorcycle","/electric-motor-bikes/","Absent",130,yes
"road legal electric motorcycle",90,18,0.27,"Commercial","Commercial (Semrush)","Electric motorcycle","/electric-motor-bikes/","Absent",130,yes
"electric bikes perth australia",530,16,0.37,"Commercial","Commercial (Semrush)","Geo: Perth (Generic e-bike (bicycle demand))","/electric-motor-bikes/perth/","Absent",127,yes
"electric road motorcycle",140,41,0.24,"Commercial","Commercial (Semrush)","Electric motorcycle","/electric-motor-bikes/","Absent",126,yes
"bike electric motorcycle",140,45,0.3,"Commercial","Commercial (Semrush)","Electric motorcycle","/electric-motor-bikes/","Absent",126,yes
"electric bikes that look like motorcycles",70,6,0,"Commercial","Commercial (Semrush)","Electric motorcycle","/electric-motor-bikes/","Absent",126,yes
"electric fat tyre bike",210,10,0.58,"Informational, Commercial","Commercial (Semrush)","Fat-tyre e-bikes","/shop/super73-rx-mojave/","Absent",126,partial
"high performance e bike",520,17,0,"Commercial","Commercial (Semrush)","Generic e-bike (bicycle demand)","/electric-motor-bikes/rtr-ebike/","Absent",125,yes
"australia electric bikes",810,34,0.47,"Informational, Commercial","Commercial (Semrush)","Generic e-bike (bicycle demand)","/electric-motor-bikes/rtr-ebike/","Absent",122,yes
"buy electric motorbike",50,19,0.28,"Transactional","Transactional (Semrush)","Electric motorbike","/electric-motor-bikes/","Absent",120,yes
"buy electric dirt bike",50,17,0.59,"Transactional","Transactional (Semrush)","Electric dirt bike","/shop/","Body only",120,yes
"cheapest e dirt bike",60,13,0.34,"Commercial","Commercial (Semrush)","Electric dirt bike","/shop/","Absent",120,yes
"electric bicycle perth",720,16,0.37,"Commercial","Commercial (Semrush)","Geo: Perth (Generic e-bike (bicycle demand))","NO PAGE YET","no page",115,yes
"e-bikes for sale",320,28,0.36,"Transactional","Transactional (Semrush)","Generic e-bike (bicycle demand)","/electric-motor-bikes/rtr-ebike/","Absent",115,yes
"dirt bikes that are electric",70,17,0.62,"Informational, Commercial","Commercial (Semrush)","Electric dirt bike","/electric-dirt-bikes/","Absent",112,yes
"electric dirt bike for 12 year olds",70,19,0,"Informational, Commercial","Commercial (Semrush)","Kids & youth","/electric-motor-bikes/kids/","Absent",112,yes
"electric motorcycle perth",140,17,0.56,"Commercial","Commercial (Semrush)","Geo: Perth (Electric motorcycle)","NO PAGE YET","no page",112,yes
"e bikes for sale melbourne",310,17,0.24,"Transactional","Transactional (Semrush)","Geo: Melbourne (Generic e-bike (bicycle demand))","/electric-motor-bikes/melbourne/","Absent",112,yes
"fat tyre ebike australia",230,16,0.5,"Commercial","Commercial (Semrush)","Fat-tyre e-bikes","/shop/super73-rx-mojave/","Absent",110,partial
"electric bike price",480,30,0.26,"Transactional","Transactional (Semrush)","Generic e-bike (bicycle demand)","/electric-motor-bikes/rtr-ebike/","Absent",108,yes
"cool electric bikes",720,41,0.38,"Commercial","Commercial (Semrush)","Generic e-bike (bicycle demand)","/electric-motor-bikes/rtr-ebike/","Absent",108,yes
"fast electric pit bike",110,16,0,"Commercial","Commercial (Semrush)","Pit bikes","/shop/razor-mx650-electric-kids/","Absent",106,yes
"cheap electric bikes australia",440,25,0.34,"Informational, Commercial","Commercial (Semrush)","Generic e-bike (bicycle demand)","/electric-motor-bikes/rtr-ebike/","Absent",106,yes
"electric bikes for sale perth",230,12,0.42,"Transactional","Transactional (Semrush)","Geo: Perth (Generic e-bike (bicycle demand))","/electric-motor-bikes/perth/","Absent",104,yes
"australian electric bike",430,28,0.44,"Commercial","Commercial (Semrush)","Generic e-bike (bicycle demand)","/electric-motor-bikes/rtr-ebike/","Absent",103,yes
"electricity motorcycle",70,25,0.34,"Informational, Commercial","Commercial (Semrush)","Electric motorcycle","/electric-motor-bikes/","Absent",101,yes
"fat tyre electric bike australia",210,16,0.41,"Commercial","Commercial (Semrush)","Fat-tyre e-bikes","/shop/super73-rx-mojave/","Absent",101,partial
"cheap e-moto",70,15,0.59,"Commercial","Commercial (Semrush)","Electric motorcycle","/electric-motor-bikes/","Absent",101,yes
"sports electric motorcycle",70,17,1.05,"Commercial","Commercial (Semrush)","Electric motorcycle","/electric-motor-bikes/","Absent",101,yes
"ebox electric dirt bike",50,3,0,"Navigational, Commercial","Commercial (Semrush)","Electric dirt bike","/electric-dirt-bikes/","Absent",100,yes
"rtr electric dirt bike",50,4,0.63,"Commercial","Commercial (Semrush)","RTR eBike","/electric-motor-bikes/rtr-ebike/","Absent",100,yes
"e dirt bike cheap",50,9,0,"Commercial","Commercial (Semrush)","Electric dirt bike","/shop/","Absent",100,yes
"electric dirt bike best",50,14,0.63,"Commercial","Commercial (Semrush)","Electric dirt bike","/electric-dirt-bikes/","Absent",100,yes
"e ride pro ss australia",50,6,0,"Commercial","Commercial (Semrush)","E-Ride Pro brand","/shop/e-ride-pro-ss-2-0/","Absent",100,yes
"electric trail bike australia",50,12,0.17,"Informational, Commercial","Commercial (Semrush)","Off-road / trail / enduro","/electric-dirt-bikes/","Absent",100,yes
"ebikes for kids",50,3,0,"Commercial","Commercial (Semrush)","Kids & youth","/electric-motor-bikes/kids/","Absent",100,yes
"eride pro ss australia",50,6,0,"Commercial","Commercial (Semrush)","E-Ride Pro brand","/shop/e-ride-pro-ss-2-0/","Absent",100,yes
"electric bikes townsville",410,28,0.45,"Commercial","Commercial (Semrush)","Geo: Townsville (Generic e-bike (bicycle demand))","NO PAGE YET","no page",98,yes
"hiboy dk1 electric dirt bike",40,25,0,"Informational, Transactional","Transactional (Semrush)","Kids & youth","/electric-motor-bikes/kids/","Absent",96,yes
"how much are electric dirt bikes",80,,0,"(unlabelled, inferred)","Transactional (inferred)","Electric dirt bike","/shop/","Absent",96,yes
"ebike au",620,30,0.44,"Commercial","Commercial (Semrush)","Generic e-bike (bicycle demand)","/electric-motor-bikes/rtr-ebike/","Absent",93,yes
"best electric motorbike australia",90,31,0.55,"Commercial","Commercial (Semrush)","Electric motorbike","/electric-motor-bikes/","Absent",90,yes
"e bikes for sale australia",400,37,0.32,"Transactional","Transactional (Semrush)","Generic e-bike (bicycle demand)","/electric-motor-bikes/rtr-ebike/","Absent",90,yes
"street legal electric motorcycle",50,12,0.3,"Informational, Commercial","Commercial (Semrush)","Electric motorcycle","/electric-motor-bikes/","Absent",90,yes
"electric motorcycle brisbane",110,25,0.34,"Commercial","Commercial (Semrush)","Geo: Brisbane (Electric motorcycle)","NO PAGE YET","no page",88,yes
"electric pit bike australia",90,19,0.4,"Commercial","Commercial (Semrush)","Pit bikes","/shop/razor-mx650-electric-kids/","Absent",86,yes
"how much are electric motorcycles",80,,0,"(unlabelled, inferred)","Transactional (inferred)","Electric motorcycle","/electric-motor-bikes/","Absent",86,yes
"cheap e bikes australia",350,15,0.34,"Commercial","Commercial (Semrush)","Generic e-bike (bicycle demand)","/electric-motor-bikes/rtr-ebike/","Absent",84,yes
"e dirt bike for sale",70,,0.35,"(unlabelled, inferred)","Transactional (inferred)","Electric dirt bike","/shop/","Absent",84,yes
"electric bikes for sale australia",230,28,0.38,"Commercial","Commercial (Semrush)","Generic e-bike (bicycle demand)","/electric-motor-bikes/rtr-ebike/","Absent",83,yes
"affordable electric dirt bike",50,17,0,"Commercial","Commercial (Semrush)","Electric dirt bike","/electric-dirt-bikes/","Absent",80,yes
"electric motocross dirt bikes",50,19,0,"Informational, Commercial","Commercial (Semrush)","Electric motocross","/shop/","Absent",80,yes
"lightweight electric dirt bike",50,16,0,"Commercial","Commercial (Semrush)","Electric dirt bike","/electric-dirt-bikes/","Absent",80,yes
"electric dirt bikes teens",40,4,0.89,"Informational, Commercial","Commercial (Semrush)","Electric dirt bike","/electric-dirt-bikes/","Absent",80,yes
"electric fast dirt bike",40,5,0,"Informational, Commercial","Commercial (Semrush)","Electric dirt bike","/electric-dirt-bikes/","Absent",80,yes
"kids e dirt bike",40,4,0,"Informational, Commercial","Commercial (Semrush)","Kids & youth","/electric-motor-bikes/kids/","Absent",80,yes
"kids petrol dirt bike",40,0,0,"Informational, Commercial","Commercial (Semrush)","Kids & youth","/electric-motor-bikes/kids/","Absent",80,yes
"offroad electric bikes",40,9,0.45,"Informational, Commercial","Commercial (Semrush)","Off-road / trail / enduro","/electric-dirt-bikes/","Absent",80,yes
"youth electric dirt bike",40,6,0.64,"Informational, Commercial","Commercial (Semrush)","Kids & youth","/electric-motor-bikes/kids/","Absent",80,yes
"cheap electric dirt bikes for adults",40,11,0.3,"Commercial","Commercial (Semrush)","Electric dirt bike","/shop/","Absent",80,yes
"electric motorbike offroad",50,17,0,"Informational, Commercial","Commercial (Semrush)","Off-road / trail / enduro","/electric-dirt-bikes/","Absent",80,yes
"kids motorbike electric",50,16,0,"Commercial","Commercial (Semrush)","Kids & youth","/electric-motor-bikes/kids/","Absent",80,yes
"e rides bike",50,28,0.81,"Informational, Commercial","Commercial (Semrush)","E-Ride Pro brand","/shop/e-ride-pro-ss-2-0/","Absent",80,yes
"electric bikes for 11 year olds",50,24,0,"Informational, Commercial","Commercial (Semrush)","Kids & youth","/electric-motor-bikes/kids/","Absent",80,yes
"small e bike",260,13,0.41,"Informational, Commercial","Commercial (Semrush)","Generic e-bike (bicycle demand)","/electric-motor-bikes/rtr-ebike/","Absent",78,yes
"electric bike cheap",320,16,0.52,"Commercial","Commercial (Semrush)","Generic e-bike (bicycle demand)","/electric-motor-bikes/rtr-ebike/","Absent",77,yes
"adult electric bike",320,17,0.32,"Commercial","Commercial (Semrush)","Generic e-bike (bicycle demand)","/electric-motor-bikes/rtr-ebike/","Absent",77,yes
"e bike price in australia",210,24,0.29,"Transactional","Transactional (Semrush)","Generic e-bike (bicycle demand)","/electric-motor-bikes/rtr-ebike/","Absent",76,yes
"best electric bicycles australia",370,14,0.39,"Commercial","Commercial (Semrush)","Generic e-bike (bicycle demand)","/electric-motor-bikes/rtr-ebike/","Absent",74,yes
"electric dirt bike adults cheap",60,,0,"(unlabelled, inferred)","Transactional (inferred)","Electric dirt bike","/shop/","Absent",72,yes
"how much does a electric dirt bike cost",60,,0,"(unlabelled, inferred)","Transactional (inferred)","Electric dirt bike","/shop/","Absent",72,yes
"mini electric motorcycle",50,19,0,"Commercial","Commercial (Semrush)","Electric motorcycle","/electric-motor-bikes/","Absent",72,yes
"electric motor bikes for sale australia",60,,0.55,"(unlabelled, inferred)","Transactional (inferred)","Electric motorbike","/electric-motor-bikes/","Absent",72,yes
"electric bicycle looks like motorcycle",50,17,0,"Informational, Commercial","Commercial (Semrush)","Electric motorcycle","/electric-motor-bikes/","Absent",72,yes
"cheapest moped",60,,0,"(unlabelled, inferred)","Transactional (inferred)","Mopeds","/electric-motor-bikes/commuter-mopeds/","Absent",72,yes
"cheap moped for sale",60,,0,"(unlabelled, inferred)","Transactional (inferred)","Mopeds","/electric-motor-bikes/commuter-mopeds/","Absent",72,yes
"electric bike brands",480,31,0.67,"Commercial","Commercial (Semrush)","Generic e-bike (bicycle demand)","/electric-motor-bikes/rtr-ebike/","Body only",72,yes
"australia e bikes",470,35,0.47,"Commercial","Commercial (Semrush)","Generic e-bike (bicycle demand)","/electric-motor-bikes/rtr-ebike/","Absent",71,yes
"cheapest ebike australia",230,8,0.33,"Informational, Commercial","Commercial (Semrush)","Generic e-bike (bicycle demand)","/electric-motor-bikes/rtr-ebike/","Absent",69,yes
"cruising e bike",220,6,0.35,"Informational, Commercial","Commercial (Semrush)","Generic e-bike (bicycle demand)","/electric-motor-bikes/rtr-ebike/","Absent",66,yes
"electric motorcycle for sale australia",60,,0.15,"(unlabelled, inferred)","Transactional (inferred)","Electric motorcycle","/electric-motor-bikes/","Absent",65,yes
"electric dirt bikes for 10 year olds",40,16,0,"Informational, Commercial","Commercial (Semrush)","Kids & youth","/electric-motor-bikes/kids/","Absent",64,yes
"e bikes townsville",210,14,0.45,"Commercial","Commercial (Semrush)","Geo: Townsville (Generic e-bike (bicycle demand))","NO PAGE YET","no page",63,yes
"e bikes for sale perth",140,8,0.42,"Transactional","Transactional (Semrush)","Geo: Perth (Generic e-bike (bicycle demand))","/electric-motor-bikes/perth/","Absent",63,yes
"electric bike price in australia",260,27,0.31,"Commercial","Commercial (Semrush)","Generic e-bike (bicycle demand)","/electric-motor-bikes/rtr-ebike/","Absent",62,yes
"electric bike au",410,47,0.47,"Informational, Commercial","Commercial (Semrush)","Generic e-bike (bicycle demand)","/electric-motor-bikes/rtr-ebike/","Absent",62,yes
"e bike helmets",260,17,0.52,"Informational, Commercial","Commercial (Semrush)","Generic e-bike (bicycle demand)","/electric-motor-bikes/rtr-ebike/","Absent",62,yes
"best e dirt bike",30,13,0,"Commercial","Commercial (Semrush)","Electric dirt bike","/electric-dirt-bikes/","Absent",60,yes
"brz electric dirt bike",30,5,0,"Commercial","Commercial (Semrush)","Electric dirt bike","/electric-dirt-bikes/","Absent",60,yes
"childs electric motocross bike",30,7,0.43,"Informational, Commercial","Commercial (Semrush)","Kids & youth","/electric-motor-bikes/kids/","Absent",60,yes
"dirt bike ebike",30,12,0,"Commercial","Commercial (Semrush)","Electric dirt bike","/electric-dirt-bikes/","Absent",60,yes
"electric dirt bike motorbike",30,7,0,"Informational, Commercial","Commercial (Semrush)","Electric dirt bike","/electric-dirt-bikes/","Absent",60,yes
"electric dirt bike under $700",50,,0,"(unlabelled, inferred)","Transactional (inferred)","Electric dirt bike","/shop/","Absent",60,yes
"e bikes aus",400,31,0.47,"Commercial","Commercial (Semrush)","Generic e-bike (bicycle demand)","/electric-motor-bikes/rtr-ebike/","Absent",60,yes
"buy moped",50,,0.22,"(unlabelled, inferred)","Transactional (inferred)","Mopeds","/electric-motor-bikes/commuter-mopeds/","Absent",60,yes
"buy a moped online",50,,1.17,"(unlabelled, inferred)","Transactional (inferred)","Mopeds","/electric-motor-bikes/commuter-mopeds/","Absent",60,yes
"how much is a moped cost",50,,0,"(unlabelled, inferred)","Transactional (inferred)","Mopeds","/electric-motor-bikes/commuter-mopeds/","Absent",60,yes
"mopeds cheap",50,,0,"(unlabelled, inferred)","Transactional (inferred)","Mopeds","/electric-motor-bikes/commuter-mopeds/","Absent",60,yes
"mopeds to buy",50,,0.45,"(unlabelled, inferred)","Transactional (inferred)","Mopeds","/electric-motor-bikes/commuter-mopeds/","Absent",60,yes
"price of moped",50,,0.4,"(unlabelled, inferred)","Transactional (inferred)","Mopeds","/electric-motor-bikes/commuter-mopeds/","Absent",60,yes
"how much are e ride pros",50,,0,"(unlabelled, inferred)","Transactional (inferred)","E-Ride Pro brand","/shop/e-ride-pro-ss-2-0/","Absent",60,yes
"e bikes for sale brisbane",130,8,0.47,"Transactional","Transactional (Semrush)","Geo: Brisbane (Generic e-bike (bicycle demand))","NO PAGE YET","no page",59,yes
"electric bikes melbourne victoria",390,38,0.37,"Informational, Commercial","Commercial (Semrush)","Geo: Melbourne (Generic e-bike (bicycle demand))","/electric-motor-bikes/melbourne/","Absent",59,yes
"e bikes for sale sydney",160,19,0.44,"Transactional","Transactional (Semrush)","Geo: Sydney (Generic e-bike (bicycle demand))","NO PAGE YET","no page",58,yes
"electric bike for sale sydney",160,19,0.44,"Transactional","Transactional (Semrush)","Geo: Sydney (Generic e-bike (bicycle demand))","NO PAGE YET","no page",58,yes
"electric fat bike australia",90,14,0.45,"Informational, Commercial","Commercial (Semrush)","Fat-tyre e-bikes","/shop/super73-rx-mojave/","Absent",54,partial
"electric bikes melbourne australia",720,55,0.37,"Commercial","Commercial (Semrush)","Geo: Melbourne (Generic e-bike (bicycle demand))","/electric-motor-bikes/melbourne/","Absent",54,yes
"cheapest emoto",50,,0.6,"(unlabelled, inferred)","Transactional (inferred)","Electric motorcycle","/electric-motor-bikes/","Absent",54,yes
"cruiser e-bike",180,6,0.44,"Commercial","Commercial (Semrush)","Generic e-bike (bicycle demand)","/electric-motor-bikes/rtr-ebike/","Absent",54,yes
"fat bike tyres australia",90,6,0.55,"Commercial","Commercial (Semrush)","Fat-tyre e-bikes","/shop/super73-rx-mojave/","Absent",54,partial
"electric bicycle australia",530,33,0.38,"Informational, Commercial","Commercial (Semrush)","Generic e-bike (bicycle demand)","/electric-motor-bikes/rtr-ebike/","Absent",53,yes
"fat tyre bikes australia",110,17,0.55,"Commercial","Commercial (Semrush)","Fat-tyre e-bikes","/shop/super73-rx-mojave/","Absent",53,partial
"small electric bicycle",260,10,0.41,"Informational, Commercial","Commercial (Semrush)","Generic e-bike (bicycle demand)","/electric-motor-bikes/rtr-ebike/","Absent",52,yes
"fastest electric bike australia",170,12,0.39,"Informational, Commercial","Commercial (Semrush)","Generic e-bike (bicycle demand)","/electric-motor-bikes/rtr-ebike/","Absent",51,yes
"fastest e bike australia",170,9,0.47,"Informational, Commercial","Commercial (Semrush)","Generic e-bike (bicycle demand)","/electric-motor-bikes/rtr-ebike/","Absent",51,yes
"affordable e-bike australia",170,9,0,"Informational, Commercial","Commercial (Semrush)","Generic e-bike (bicycle demand)","/electric-motor-bikes/rtr-ebike/","Absent",51,yes
"e bikes fast",170,12,0.47,"Informational, Commercial","Commercial (Semrush)","Generic e-bike (bicycle demand)","/electric-motor-bikes/rtr-ebike/","Absent",51,yes
"electric bicycles nsw",320,24,0.64,"Commercial","Commercial (Semrush)","Geo: NSW (Generic e-bike (bicycle demand))","NO PAGE YET","no page",51,yes
"electric motorbike melbourne",50,30,0.33,"Commercial","Commercial (Semrush)","Geo: Melbourne (Electric motorbike)","/electric-motor-bikes/melbourne/","Title",50,yes
"cheapest electric bike australia",210,24,0.34,"Commercial","Commercial (Semrush)","Generic e-bike (bicycle demand)","/electric-motor-bikes/rtr-ebike/","Absent",50,yes
"coolest e-bikes",210,17,0.38,"Commercial","Commercial (Semrush)","Generic e-bike (bicycle demand)","/electric-motor-bikes/rtr-ebike/","Absent",50,yes
"e bikes melbourne australia",210,28,0.37,"Commercial","Commercial (Semrush)","Geo: Melbourne (Generic e-bike (bicycle demand))","/electric-motor-bikes/melbourne/","Absent",50,yes
"electric bikes for sale brisbane",140,21,0.31,"Transactional","Transactional (Semrush)","Geo: Brisbane (Generic e-bike (bicycle demand))","NO PAGE YET","no page",50,yes
"cool e-bike",210,19,0.38,"Commercial","Commercial (Semrush)","Generic e-bike (bicycle demand)","/electric-motor-bikes/rtr-ebike/","Absent",50,yes
"48 volt electric dirt bike for teens",30,25,0,"Commercial","Commercial (Semrush)","Electric dirt bike","/electric-dirt-bikes/","Absent",48,yes
"compact electric dirt bike",30,16,0,"Commercial","Commercial (Semrush)","Electric dirt bike","/electric-dirt-bikes/","Absent",48,yes
"electric dirt bike full size",30,20,0,"Informational, Commercial","Commercial (Semrush)","Electric dirt bike","/electric-dirt-bikes/","Absent",48,yes
"electric dirt bike teenager",30,26,0.89,"Informational, Commercial","Commercial (Semrush)","Electric dirt bike","/electric-dirt-bikes/","Absent",48,yes
"electric dirt bike under 300",40,,0,"(unlabelled, inferred)","Transactional (inferred)","Electric dirt bike","/shop/","Absent",48,yes
"electric trail bike for sale",40,,0,"(unlabelled, inferred)","Transactional (inferred)","Off-road / trail / enduro","/shop/","Absent",48,yes
"price electric dirt bike",40,,0,"(unlabelled, inferred)","Transactional (inferred)","Electric dirt bike","/shop/","Absent",48,yes
"electric moped price in india",40,,0,"(unlabelled, inferred)","Transactional (inferred)","Mopeds","/electric-motor-bikes/commuter-mopeds/","Absent",48,yes
"average cost of a moped",40,,0,"(unlabelled, inferred)","Transactional (inferred)","Mopeds","/electric-motor-bikes/commuter-mopeds/","Absent",48,yes
"average price for a moped",40,,0,"(unlabelled, inferred)","Transactional (inferred)","Mopeds","/electric-motor-bikes/commuter-mopeds/","Absent",48,yes
"e moped for sale",40,,0,"(unlabelled, inferred)","Transactional (inferred)","Mopeds","/electric-motor-bikes/commuter-mopeds/","Absent",48,yes
"e bike electrica",320,34,0.46,"Commercial","Commercial (Semrush)","Generic e-bike (bicycle demand)","/electric-motor-bikes/rtr-ebike/","Absent",48,yes
"e ride pro price",40,,0,"(unlabelled, inferred)","Transactional (inferred)","E-Ride Pro brand","/shop/e-ride-pro-ss-2-0/","Absent",48,yes
"how much is a eride pro",40,,0,"(unlabelled, inferred)","Transactional (inferred)","E-Ride Pro brand","/shop/e-ride-pro-ss-2-0/","Absent",48,yes
"e ride shop",40,,0,"(unlabelled, inferred)","Transactional (inferred)","E-Ride Pro brand","/shop/e-ride-pro-ss-2-0/","Absent",48,yes
"buy electric motorcycle",40,,0.28,"(unlabelled, inferred)","Transactional (inferred)","Electric motorcycle","/electric-motor-bikes/","Absent",43,yes
"cruiser e bikes australia",140,8,0.3,"Commercial","Commercial (Semrush)","Generic e-bike (bicycle demand)","/electric-motor-bikes/rtr-ebike/","Absent",42,yes
"electric bike best",140,13,0.38,"Commercial","Commercial (Semrush)","Generic e-bike (bicycle demand)","/electric-motor-bikes/rtr-ebike/","Absent",42,yes
"faster e bike",140,7,0.42,"Informational, Commercial","Commercial (Semrush)","Generic e-bike (bicycle demand)","/electric-motor-bikes/rtr-ebike/","Absent",42,yes
"best value ebike australia",140,6,0.27,"Commercial","Commercial (Semrush)","Generic e-bike (bicycle demand)","/electric-motor-bikes/rtr-ebike/","Absent",42,yes
"best fat tyre ebike australia",70,10,0.61,"Commercial","Commercial (Semrush)","Fat-tyre e-bikes","/shop/super73-rx-mojave/","Absent",42,partial
"vamos e bike",90,14,0.25,"Informational, Transactional","Transactional (Semrush)","Generic e-bike (bicycle demand)","/electric-motor-bikes/rtr-ebike/","Absent",41,yes
"miniature electric bike",170,16,0.82,"Commercial","Commercial (Semrush)","Generic e-bike (bicycle demand)","/electric-motor-bikes/rtr-ebike/","Absent",41,yes
"street legal electric bike",170,19,0.6,"Informational, Commercial","Commercial (Semrush)","Generic e-bike (bicycle demand)","/electric-motor-bikes/rtr-ebike/","Absent",41,yes
"electric bike black",90,14,2.01,"Informational, Transactional","Transactional (Semrush)","Generic e-bike (bicycle demand)","/electric-motor-bikes/rtr-ebike/","Absent",41,yes
"electric bikes victoria",170,17,0.43,"Commercial","Commercial (Semrush)","Geo: Victoria (Generic e-bike (bicycle demand))","NO PAGE YET","no page",41,yes
"cheap electric bikes for sale",110,19,0.51,"Transactional","Transactional (Semrush)","Generic e-bike (bicycle demand)","/electric-motor-bikes/rtr-ebike/","Absent",40,yes
"aus electric bikes",260,35,0.47,"Informational, Commercial","Commercial (Semrush)","Generic e-bike (bicycle demand)","/electric-motor-bikes/rtr-ebike/","Absent",39,yes
"electric e bikes",260,45,0.63,"Commercial","Commercial (Semrush)","Generic e-bike (bicycle demand)","/electric-motor-bikes/rtr-ebike/","Absent",39,yes
"electric pit bike for adults",40,26,0,"Commercial","Commercial (Semrush)","Pit bikes","/shop/razor-mx650-electric-kids/","Absent",38,yes
"electric bike under 500",160,17,0.39,"Informational, Commercial","Commercial (Semrush)","Generic e-bike (bicycle demand)","/electric-motor-bikes/rtr-ebike/","Absent",38,yes
"electric off road motorcycle for sale",30,,0,"(unlabelled, inferred)","Transactional (inferred)","Off-road / trail / enduro","/shop/","Absent",36,yes
"best cheap e dirt bikes",30,,0,"(unlabelled, inferred)","Transactional (inferred)","Electric dirt bike","/shop/","Absent",36,yes
"best cheap electric dirt bikes",30,,0,"(unlabelled, inferred)","Transactional (inferred)","Electric dirt bike","/shop/","Absent",36,yes
"best cheapest electric dirt bike",30,,0,"(unlabelled, inferred)","Transactional (inferred)","Electric dirt bike","/shop/","Absent",36,yes
"cheap electric dirt bikes for sale",30,,0,"(unlabelled, inferred)","Transactional (inferred)","Electric dirt bike","/shop/","Absent",36,yes
"cheap electric dirt bikes for teens",30,,0,"(unlabelled, inferred)","Transactional (inferred)","Electric dirt bike","/shop/","Absent",36,yes
"cheap fast electric dirt bikes",30,,0,"(unlabelled, inferred)","Transactional (inferred)","Electric dirt bike","/shop/","Absent",36,yes
"electric dirt bike adults for sale",30,,0,"(unlabelled, inferred)","Transactional (inferred)","Electric dirt bike","/shop/","Absent",36,yes
"electric dirt bike finance",30,,0,"(unlabelled, inferred)","Transactional (inferred)","Electric dirt bike","/shop/","Absent",36,yes
"electric dirt bike for sale near me",30,,0,"(unlabelled, inferred)","Transactional (inferred)","Electric dirt bike","/shop/","Absent",36,yes
"electric dirt bike under $100",30,,0,"(unlabelled, inferred)","Transactional (inferred)","Electric dirt bike","/shop/","Absent",36,yes
"electric dirt bikes for sale nearby",30,,0,"(unlabelled, inferred)","Transactional (inferred)","Electric dirt bike","/shop/","Absent",36,yes
"electric dirt bikes under $2500",30,,0,"(unlabelled, inferred)","Transactional (inferred)","Electric dirt bike","/shop/","Absent",36,yes
"electric dirt bikes under $400",30,,0,"(unlabelled, inferred)","Transactional (inferred)","Electric dirt bike","/shop/","Absent",36,yes
"electric dirt bikes under $600",30,,0,"(unlabelled, inferred)","Transactional (inferred)","Electric dirt bike","/shop/","Absent",36,yes
"electric off road bikes for sale",30,,0,"(unlabelled, inferred)","Transactional (inferred)","Off-road / trail / enduro","/shop/","Absent",36,yes
"fast cheap electric dirt bike",30,,0,"(unlabelled, inferred)","Transactional (inferred)","Electric dirt bike","/shop/","Absent",36,yes
"where can i buy electric dirt bikes",30,,0,"(unlabelled, inferred)","Transactional (inferred)","Electric dirt bike","/shop/","Absent",36,yes
"where to buy electric dirt bikes",30,,0,"(unlabelled, inferred)","Transactional (inferred)","Electric dirt bike","/shop/","Absent",36,yes
"electric dirt bike under $800",30,,0,"(unlabelled, inferred)","Transactional (inferred)","Electric dirt bike","/shop/","Absent",36,yes
"buy kids dirt bike",30,,0,"(unlabelled, inferred)","Transactional (inferred)","Kids & youth","/electric-motor-bikes/kids/","Absent",36,yes
"125 mx bike for sale",30,,0,"(unlabelled, inferred)","Transactional (inferred)","Electric motocross","/shop/","Absent",36,yes
"best moped to buy",30,,0,"(unlabelled, inferred)","Transactional (inferred)","Mopeds","/electric-motor-bikes/commuter-mopeds/","Absent",36,yes
"buy cheap moped",30,,0,"(unlabelled, inferred)","Transactional (inferred)","Mopeds","/electric-motor-bikes/commuter-mopeds/","Absent",36,yes
"cheap insurance for mopeds",30,,3.3,"(unlabelled, inferred)","Transactional (inferred)","Mopeds","/electric-motor-bikes/commuter-mopeds/","Absent",36,yes
"cheap mopeds for sale near me",30,,0,"(unlabelled, inferred)","Transactional (inferred)","Mopeds","/electric-motor-bikes/commuter-mopeds/","Absent",36,yes
"cheapest moped for sale",30,,0,"(unlabelled, inferred)","Transactional (inferred)","Mopeds","/electric-motor-bikes/commuter-mopeds/","Absent",36,yes
"e dirt bikes for sale near me",30,,0,"(unlabelled, inferred)","Transactional (inferred)","Electric dirt bike","/shop/","Absent",36,yes
"moped bike for sale",30,,0,"(unlabelled, inferred)","Transactional (inferred)","Mopeds","/electric-motor-bikes/commuter-mopeds/","Absent",36,yes
"moped bike price",30,,0,"(unlabelled, inferred)","Transactional (inferred)","Mopeds","/electric-motor-bikes/commuter-mopeds/","Absent",36,yes
"off road bikes for sale",30,,0,"(unlabelled, inferred)","Transactional (inferred)","Off-road / trail / enduro","/shop/","Absent",36,yes
"off road bikes for sale near me",30,,0,"(unlabelled, inferred)","Transactional (inferred)","Off-road / trail / enduro","/shop/","Absent",36,yes
"off road motorbikes for sale",30,,0,"(unlabelled, inferred)","Transactional (inferred)","Off-road / trail / enduro","/shop/","Absent",36,yes
"trail bikes for sale near me",30,,0.26,"(unlabelled, inferred)","Transactional (inferred)","Off-road / trail / enduro","/shop/","Absent",36,yes
"e ride pro sale",30,,0,"(unlabelled, inferred)","Transactional (inferred)","E-Ride Pro brand","/shop/e-ride-pro-ss-2-0/","Absent",36,yes
"e ride pro sr price",30,,0,"(unlabelled, inferred)","Transactional (inferred)","E-Ride Pro brand","/shop/e-ride-pro-ss-2-0/","Absent",36,yes
"eride pro sale",30,,0,"(unlabelled, inferred)","Transactional (inferred)","E-Ride Pro brand","/shop/e-ride-pro-ss-2-0/","Absent",36,yes
"e bike road",120,6,0.44,"Commercial","Commercial (Semrush)","Generic e-bike (bicycle demand)","/electric-motor-bikes/rtr-ebike/","Body only",36,yes
"bestes ebike",140,22,0.38,"Commercial","Commercial (Semrush)","Generic e-bike (bicycle demand)","/electric-motor-bikes/rtr-ebike/","Absent",34,yes
"best electric bikes melbourne",140,17,0.28,"Commercial","Commercial (Semrush)","Geo: Melbourne (Generic e-bike (bicycle demand))","/electric-motor-bikes/melbourne/","Absent",34,yes
"how much is an electric bike",140,20,0.16,"Informational, Commercial","Commercial (Semrush)","Generic e-bike (bicycle demand)","/electric-motor-bikes/rtr-ebike/","Absent",34,yes
"road e-bike",140,20,0.44,"Commercial","Commercial (Semrush)","Generic e-bike (bicycle demand)","/electric-motor-bikes/rtr-ebike/","Absent",34,yes
"road legal electric bike",110,12,0.73,"Commercial","Commercial (Semrush)","Generic e-bike (bicycle demand)","/electric-motor-bikes/rtr-ebike/","Absent",33,yes
"best e-bike",110,12,0.38,"Commercial","Commercial (Semrush)","Generic e-bike (bicycle demand)","/electric-motor-bikes/rtr-ebike/","Absent",33,yes
"electric bikes fastest",110,11,0.42,"Informational, Commercial","Commercial (Semrush)","Generic e-bike (bicycle demand)","/electric-motor-bikes/rtr-ebike/","Absent",33,yes
"best budget electric bike australia",110,13,0.38,"Commercial","Commercial (Semrush)","Generic e-bike (bicycle demand)","/electric-motor-bikes/rtr-ebike/","Absent",33,yes
"best electric bikes perth",110,13,0.35,"Commercial","Commercial (Semrush)","Geo: Perth (Generic e-bike (bicycle demand))","/electric-motor-bikes/perth/","Absent",33,yes
"lightweight electric bike australia",110,8,0.24,"Informational, Commercial","Commercial (Semrush)","Generic e-bike (bicycle demand)","/electric-motor-bikes/rtr-ebike/","Absent",33,yes
"electric bike for adults australia",210,30,0.37,"Commercial","Commercial (Semrush)","Generic e-bike (bicycle demand)","/electric-motor-bikes/rtr-ebike/","Absent",32,yes
"cheap electric motorcycle for adults",30,,0,"(unlabelled, inferred)","Transactional (inferred)","Electric motorcycle","/electric-motor-bikes/","Absent",32,yes
"cheapest electric motorcycle",30,,0,"(unlabelled, inferred)","Transactional (inferred)","Electric motorcycle","/electric-motor-bikes/","Absent",32,yes
"where to buy electric motorcycle",30,,0,"(unlabelled, inferred)","Transactional (inferred)","Electric motorcycle","/electric-motor-bikes/","Absent",32,yes
"cruise e bikes",100,14,0.44,"Commercial","Commercial (Semrush)","Generic e-bike (bicycle demand)","/electric-motor-bikes/rtr-ebike/","Absent",30,yes
"fat bikes electric",50,14,0.52,"Commercial","Commercial (Semrush)","Fat-tyre e-bikes","/shop/super73-rx-mojave/","Absent",30,partial
"electric pit bike for sale",40,,0,"(unlabelled, inferred)","Transactional (inferred)","Pit bikes","/shop/razor-mx650-electric-kids/","Absent",29,yes
"electric bike for teens",120,17,0.43,"Commercial","Commercial (Semrush)","Generic e-bike (bicycle demand)","/electric-motor-bikes/rtr-ebike/","Absent",29,yes
"canberra e bikes",90,10,0.29,"Commercial","Commercial (Semrush)","Geo: Canberra (Generic e-bike (bicycle demand))","NO PAGE YET","no page",27,yes
"electric bike brands australia",90,13,0.4,"Commercial","Commercial (Semrush)","Generic e-bike (bicycle demand)","/electric-motor-bikes/rtr-ebike/","Absent",27,yes
"step through e bikes australia",90,6,0.44,"Commercial","Commercial (Semrush)","Generic e-bike (bicycle demand)","/electric-motor-bikes/rtr-ebike/","Absent",27,yes
"electric bicycle reviews australia",170,17,0.25,"Commercial","Commercial (Semrush)","Generic e-bike (bicycle demand)","/electric-motor-bikes/rtr-ebike/","Absent",27,yes
"evo electric bike",90,6,0.86,"Commercial","Commercial (Semrush)","Generic e-bike (bicycle demand)","/electric-motor-bikes/rtr-ebike/","Absent",27,yes
"cruiser electric bikes",90,14,0.35,"Commercial","Commercial (Semrush)","Generic e-bike (bicycle demand)","/electric-motor-bikes/rtr-ebike/","Absent",27,yes
"top rated e-bikes",170,43,0.27,"Commercial","Commercial (Semrush)","Generic e-bike (bicycle demand)","/electric-motor-bikes/rtr-ebike/","Absent",26,yes
"fastest electric bikes in the world",110,17,0,"Informational, Commercial","Commercial (Semrush)","Generic e-bike (bicycle demand)","/electric-motor-bikes/rtr-ebike/","Absent",26,yes
"white electric bike",110,18,0.6,"Informational, Commercial","Commercial (Semrush)","Generic e-bike (bicycle demand)","/electric-motor-bikes/rtr-ebike/","Absent",26,yes
"perth ebikes",110,20,0.26,"Commercial","Commercial (Semrush)","Geo: Perth (Generic e-bike (bicycle demand))","/electric-motor-bikes/perth/","Absent",26,yes
"buy ebike australia",110,38,0.41,"Transactional","Transactional (Semrush)","Generic e-bike (bicycle demand)","/electric-motor-bikes/rtr-ebike/","Absent",25,yes
"dirt ebike",100,17,0.43,"Commercial","Commercial (Semrush)","Generic e-bike (bicycle demand)","/electric-motor-bikes/rtr-ebike/","Absent",24,yes
"admitjet electric dirt bike price",20,,0,"(unlabelled, inferred)","Transactional (inferred)","Electric dirt bike","/shop/","Absent",24,yes
"buy e dirt bike",20,,0,"(unlabelled, inferred)","Transactional (inferred)","Electric dirt bike","/shop/","Absent",24,yes
"cheap 72v electric dirt bike",20,,0,"(unlabelled, inferred)","Transactional (inferred)","Electric dirt bike","/shop/","Absent",24,yes
"cheap adult electric dirt bike",20,,0,"(unlabelled, inferred)","Transactional (inferred)","Electric dirt bike","/shop/","Absent",24,yes
"cheap e dirt bikes for adults",20,,0,"(unlabelled, inferred)","Transactional (inferred)","Electric dirt bike","/shop/","Absent",24,yes
"cheap electric dirt bike australia",20,,0.52,"(unlabelled, inferred)","Transactional (inferred)","Electric dirt bike","/shop/","Absent",24,yes
"cheap electric dirt bike nearby",20,,0,"(unlabelled, inferred)","Transactional (inferred)","Electric dirt bike","/shop/","Absent",24,yes
"cheap electric dirt bikes for 12 year olds",20,,0,"(unlabelled, inferred)","Transactional (inferred)","Kids & youth","/electric-motor-bikes/kids/","Absent",24,yes
"cheap electric dirt bikes for adults sale",20,,0,"(unlabelled, inferred)","Transactional (inferred)","Electric dirt bike","/shop/","Absent",24,yes
"cheap razor electric dirt bike",20,,0,"(unlabelled, inferred)","Transactional (inferred)","Youth brands (KTM/Husqvarna/Razor)","/electric-motor-bikes/kids/","Absent",24,yes
"cheapest 72v electric dirt bike",20,,0,"(unlabelled, inferred)","Transactional (inferred)","Electric dirt bike","/shop/","Absent",24,yes
"cheapest adult electric dirt bike",20,,0,"(unlabelled, inferred)","Transactional (inferred)","Electric dirt bike","/shop/","Absent",24,yes
"cheapest e dirt bike for adults",20,,0,"(unlabelled, inferred)","Transactional (inferred)","Electric dirt bike","/shop/","Absent",24,yes
"cheapest fastest electric dirt bike",20,,0,"(unlabelled, inferred)","Transactional (inferred)","Electric dirt bike","/shop/","Absent",24,yes
"dirt bike cheap electric",20,,0,"(unlabelled, inferred)","Transactional (inferred)","Electric dirt bike","/shop/","Absent",24,yes
"dirt bike electric cheap",20,,0.55,"(unlabelled, inferred)","Transactional (inferred)","Electric dirt bike","/shop/","Absent",24,yes
"dirt bikes electric for sale",20,,0,"(unlabelled, inferred)","Transactional (inferred)","Electric dirt bike","/shop/","Absent",24,yes
"e dirt bike price",20,,0,"(unlabelled, inferred)","Transactional (inferred)","Electric dirt bike","/shop/","Absent",24,yes
"electric dirt bike buy",20,,0,"(unlabelled, inferred)","Transactional (inferred)","Electric dirt bike","/shop/","Absent",24,yes
"electric dirt bike cheap for adults",20,,0,"(unlabelled, inferred)","Transactional (inferred)","Electric dirt bike","/shop/","Absent",24,yes
"electric dirt bike cost",20,,0,"(unlabelled, inferred)","Transactional (inferred)","Electric dirt bike","/shop/","Absent",24,yes
"electric dirt bike deals",20,,0,"(unlabelled, inferred)","Transactional (inferred)","Electric dirt bike","/shop/","Absent",24,yes
"electric dirt bike for sale australia",20,,0,"(unlabelled, inferred)","Transactional (inferred)","Electric dirt bike","/shop/","Title",24,yes
"electric dirt bike for sale cheap",20,,0,"(unlabelled, inferred)","Transactional (inferred)","Electric dirt bike","/shop/","Absent",24,yes
"electric dirt bike price",20,,0,"(unlabelled, inferred)","Transactional (inferred)","Electric dirt bike","/shop/","Absent",24,yes
"electric dirt bike under $250",20,,0,"(unlabelled, inferred)","Transactional (inferred)","Electric dirt bike","/shop/","Absent",24,yes
"electric dirt bike under $350",20,,0,"(unlabelled, inferred)","Transactional (inferred)","Electric dirt bike","/shop/","Absent",24,yes
"electric dirt bike under $900",20,,0,"(unlabelled, inferred)","Transactional (inferred)","Electric dirt bike","/shop/","Absent",24,yes
"electric dirt bikes under $3000",20,,0,"(unlabelled, inferred)","Transactional (inferred)","Electric dirt bike","/shop/","Absent",24,yes
"electric dirt bikes under $450",20,,0,"(unlabelled, inferred)","Transactional (inferred)","Electric dirt bike","/shop/","Absent",24,yes
"electric motocross bike for sale",20,,0,"(unlabelled, inferred)","Transactional (inferred)","Electric motocross","/shop/","Absent",24,yes
"electric motorbike buy",20,,0,"(unlabelled, inferred)","Transactional (inferred)","Electric motorbike","/electric-motor-bikes/","Absent",24,yes
"electric start dirt bike for sale",20,,0,"(unlabelled, inferred)","Transactional (inferred)","Electric dirt bike","/shop/","Absent",24,yes
"fast electric dirt bike cheap",20,,0,"(unlabelled, inferred)","Transactional (inferred)","Electric dirt bike","/shop/","Absent",24,yes
"fastest cheapest electric dirt bike",20,,0,"(unlabelled, inferred)","Transactional (inferred)","Electric dirt bike","/shop/","Absent",24,yes
"finance electric dirt bike",20,,3.44,"(unlabelled, inferred)","Transactional (inferred)","Electric dirt bike","/shop/","Absent",24,yes
"good cheap electric dirt bikes",20,,0,"(unlabelled, inferred)","Transactional (inferred)","Electric dirt bike","/shop/","Absent",24,yes
"how much does an electric dirt bike weigh",20,,0,"(unlabelled, inferred)","Transactional (inferred)","Electric dirt bike","/shop/","Absent",24,yes
"off road electric bikes for sale",20,,0.23,"(unlabelled, inferred)","Transactional (inferred)","Off-road / trail / enduro","/shop/","Absent",24,yes
"really cheap electric dirt bikes",20,,0,"(unlabelled, inferred)","Transactional (inferred)","Electric dirt bike","/shop/","Absent",24,yes
"stark electric dirt bike for sale",20,,0,"(unlabelled, inferred)","Transactional (inferred)","Electric dirt bike","/shop/","Absent",24,yes
"stark electric dirt bike price",20,,0,"(unlabelled, inferred)","Transactional (inferred)","Electric dirt bike","/shop/","Absent",24,yes
"what is the cheapest e dirt bike",20,,0,"(unlabelled, inferred)","Transactional (inferred)","Electric dirt bike","/shop/","Absent",24,yes
"what is the cheapest electric dirt bike",20,,0,"(unlabelled, inferred)","Transactional (inferred)","Electric dirt bike","/shop/","Absent",24,yes
"what is the cheapest electric dirt bike for adults",20,,0,"(unlabelled, inferred)","Transactional (inferred)","Electric dirt bike","/shop/","Absent",24,yes
"what's the cheapest electric dirt bike",20,,0,"(unlabelled, inferred)","Transactional (inferred)","Electric dirt bike","/shop/","Absent",24,yes
"electric dirt bike for teens under $500",20,,0,"(unlabelled, inferred)","Transactional (inferred)","Electric dirt bike","/shop/","Absent",24,yes
"electric dirt bike under $200",20,,0,"(unlabelled, inferred)","Transactional (inferred)","Electric dirt bike","/shop/","Absent",24,yes
"buy electric motorbike australia",20,,0,"(unlabelled, inferred)","Transactional (inferred)","Electric motorbike","/electric-motor-bikes/","Absent",24,yes
"450 mx bikes for sale",20,,0,"(unlabelled, inferred)","Transactional (inferred)","Electric motocross","/shop/","Absent",24,yes
"average moped cost",20,,0,"(unlabelled, inferred)","Transactional (inferred)","Mopeds","/electric-motor-bikes/commuter-mopeds/","Absent",24,yes
"best cheap electric motorbike",20,,0,"(unlabelled, inferred)","Transactional (inferred)","Electric motorbike","/electric-motor-bikes/","Absent",24,yes
"best cheap moped",20,,0,"(unlabelled, inferred)","Transactional (inferred)","Mopeds","/electric-motor-bikes/commuter-mopeds/","Absent",24,yes
"best moped under 1000",20,,0,"(unlabelled, inferred)","Transactional (inferred)","Mopeds","/electric-motor-bikes/commuter-mopeds/","Absent",24,yes
"bike moped for sale",20,,0,"(unlabelled, inferred)","Transactional (inferred)","Mopeds","/electric-motor-bikes/commuter-mopeds/","Absent",24,yes
"buy electric mopeds",20,,0.47,"(unlabelled, inferred)","Transactional (inferred)","Mopeds","/electric-motor-bikes/commuter-mopeds/","Absent",24,yes
"buy mx bikes",20,,0,"(unlabelled, inferred)","Transactional (inferred)","Electric motocross","/shop/","Absent",24,yes
"buy new moped",20,,0,"(unlabelled, inferred)","Transactional (inferred)","Mopeds","/electric-motor-bikes/commuter-mopeds/","Absent",24,yes
"cheap childrens dirt bikes",20,,0.33,"(unlabelled, inferred)","Transactional (inferred)","Kids & youth","/electric-motor-bikes/kids/","Absent",24,yes
"cheap dirt bikes for 7 year olds",20,,0,"(unlabelled, inferred)","Transactional (inferred)","Kids & youth","/electric-motor-bikes/kids/","Absent",24,yes
"cheap dirt bikes for 9 year olds",20,,0,"(unlabelled, inferred)","Transactional (inferred)","Kids & youth","/electric-motor-bikes/kids/","Absent",24,yes
"cheap electric mopeds for sale",20,,0,"(unlabelled, inferred)","Transactional (inferred)","Mopeds","/electric-motor-bikes/commuter-mopeds/","Absent",24,yes
"cheap electric motorbike for adults",20,,0,"(unlabelled, inferred)","Transactional (inferred)","Electric motorbike","/electric-motor-bikes/","Absent",24,yes
"cheap gas dirt bikes for 9 year olds",20,,0,"(unlabelled, inferred)","Transactional (inferred)","Kids & youth","/electric-motor-bikes/kids/","Absent",24,yes
"cheap moped insurance",20,,0,"(unlabelled, inferred)","Transactional (inferred)","Mopeds","/electric-motor-bikes/commuter-mopeds/","Absent",24,yes
"cheap mopeds for sale under 300",20,,0,"(unlabelled, inferred)","Transactional (inferred)","Mopeds","/electric-motor-bikes/commuter-mopeds/","Absent",24,yes
"cheap mopeds near me",20,,0,"(unlabelled, inferred)","Transactional (inferred)","Mopeds","/electric-motor-bikes/commuter-mopeds/","Absent",24,yes
"cheap mx bikes",20,,0,"(unlabelled, inferred)","Transactional (inferred)","Electric motocross","/shop/","Absent",24,yes
"cheap mx bikes for sale",20,,0,"(unlabelled, inferred)","Transactional (inferred)","Electric motocross","/shop/","Absent",24,yes
"cheap new mopeds",20,,0,"(unlabelled, inferred)","Transactional (inferred)","Mopeds","/electric-motor-bikes/commuter-mopeds/","Absent",24,yes
"cheap off road motorbikes for sale",20,,0,"(unlabelled, inferred)","Transactional (inferred)","Off-road / trail / enduro","/shop/","Absent",24,yes
"cheapest moped insurance",20,,0,"(unlabelled, inferred)","Transactional (inferred)","Mopeds","/electric-motor-bikes/commuter-mopeds/","Absent",24,yes
"childrens motocross bikes for sale",20,,0,"(unlabelled, inferred)","Transactional (inferred)","Kids & youth","/electric-motor-bikes/kids/","Absent",24,yes
"childs dirt bike for sale",20,,0.26,"(unlabelled, inferred)","Transactional (inferred)","Kids & youth","/electric-motor-bikes/kids/","Absent",24,yes
"cost moped",20,,0,"(unlabelled, inferred)","Transactional (inferred)","Mopeds","/electric-motor-bikes/commuter-mopeds/","Absent",24,yes
"cz mx bikes for sale",20,,0,"(unlabelled, inferred)","Transactional (inferred)","Electric motocross","/shop/","Absent",24,yes
"dirt bike bikes for sale",20,,0.33,"(unlabelled, inferred)","Transactional (inferred)","Electric dirt bike","/shop/","Absent",24,yes
"dirt bikes for 10 year olds cheap",20,,0,"(unlabelled, inferred)","Transactional (inferred)","Kids & youth","/electric-motor-bikes/kids/","Absent",24,yes
"dirt bikes for 8 year olds cheap",20,,0,"(unlabelled, inferred)","Transactional (inferred)","Kids & youth","/electric-motor-bikes/kids/","Absent",24,yes
"electric moped bikes for sale",20,,0,"(unlabelled, inferred)","Transactional (inferred)","Mopeds","/electric-motor-bikes/commuter-mopeds/","Absent",24,yes
"electric motorbike cheap",20,,0,"(unlabelled, inferred)","Transactional (inferred)","Electric motorbike","/electric-motor-bikes/","Absent",24,yes
"electric mx bike for sale",20,,0,"(unlabelled, inferred)","Transactional (inferred)","Electric motocross","/shop/","Absent",24,yes
"freestyle mx bikes for sale",20,,0,"(unlabelled, inferred)","Transactional (inferred)","Electric motocross","/shop/","Absent",24,yes
"how much are moped batteries",20,,0,"(unlabelled, inferred)","Transactional (inferred)","Mopeds","/electric-motor-bikes/commuter-mopeds/","Absent",24,yes
"how much are mopeds for adults",20,,0,"(unlabelled, inferred)","Transactional (inferred)","Mopeds","/electric-motor-bikes/commuter-mopeds/","Absent",24,yes
"how much does a moped battery cost",20,,0,"(unlabelled, inferred)","Transactional (inferred)","Mopeds","/electric-motor-bikes/commuter-mopeds/","Absent",24,yes
"how much does a moped cost",20,,0,"(unlabelled, inferred)","Transactional (inferred)","Mopeds","/electric-motor-bikes/commuter-mopeds/","Absent",24,yes
"how much does a new moped cost",20,,0,"(unlabelled, inferred)","Transactional (inferred)","Mopeds","/electric-motor-bikes/commuter-mopeds/","Absent",24,yes
"how much is a moped battery",20,,0,"(unlabelled, inferred)","Transactional (inferred)","Mopeds","/electric-motor-bikes/commuter-mopeds/","Absent",24,yes
"junior dirt bikes for sale",20,,0,"(unlabelled, inferred)","Transactional (inferred)","Kids & youth","/electric-motor-bikes/kids/","Absent",24,yes
"kids dirt bike for sale",20,,0,"(unlabelled, inferred)","Transactional (inferred)","Kids & youth","/electric-motor-bikes/kids/","Absent",24,yes
"moped average cost",20,,0,"(unlabelled, inferred)","Transactional (inferred)","Mopeds","/electric-motor-bikes/commuter-mopeds/","Absent",24,yes
"moped average price",20,,0,"(unlabelled, inferred)","Transactional (inferred)","Mopeds","/electric-motor-bikes/commuter-mopeds/","Absent",24,yes
"moped battery price",20,,0,"(unlabelled, inferred)","Transactional (inferred)","Mopeds","/electric-motor-bikes/commuter-mopeds/","Absent",24,yes
"moped bicycle for sale",20,,0,"(unlabelled, inferred)","Transactional (inferred)","Mopeds","/electric-motor-bikes/commuter-mopeds/","Absent",24,yes
"moped cost",20,,0,"(unlabelled, inferred)","Transactional (inferred)","Mopeds","/electric-motor-bikes/commuter-mopeds/","Absent",24,yes
"moped for sale electric",20,,0,"(unlabelled, inferred)","Transactional (inferred)","Mopeds","/electric-motor-bikes/commuter-mopeds/","Absent",24,yes
"moped insurance cheap",20,,6.67,"(unlabelled, inferred)","Transactional (inferred)","Mopeds","/electric-motor-bikes/commuter-mopeds/","Absent",24,yes
"moped under $500",20,,0,"(unlabelled, inferred)","Transactional (inferred)","Mopeds","/electric-motor-bikes/commuter-mopeds/","Absent",24,yes
"moped under $800",20,,0,"(unlabelled, inferred)","Transactional (inferred)","Mopeds","/electric-motor-bikes/commuter-mopeds/","Absent",24,yes
"mopeds with pedals for sale",20,,0,"(unlabelled, inferred)","Transactional (inferred)","Mopeds","/electric-motor-bikes/commuter-mopeds/","Absent",24,yes
"motocross race bikes for sale",20,,0,"(unlabelled, inferred)","Transactional (inferred)","Electric motocross","/shop/","Absent",24,yes
"motor trail bikes for sale",20,,0.25,"(unlabelled, inferred)","Transactional (inferred)","Off-road / trail / enduro","/shop/","Absent",24,yes
"mx bikes for sale near me",20,,0,"(unlabelled, inferred)","Transactional (inferred)","Electric motocross","/shop/","Absent",24,yes
"new mopeds for sale",20,,0.29,"(unlabelled, inferred)","Transactional (inferred)","Mopeds","/electric-motor-bikes/commuter-mopeds/","Absent",24,yes
"offroad bikes for sale",20,,0,"(unlabelled, inferred)","Transactional (inferred)","Off-road / trail / enduro","/shop/","Absent",24,yes
"online moped",20,,0,"(unlabelled, inferred)","Transactional (inferred)","Mopeds","/electric-motor-bikes/commuter-mopeds/","Absent",24,yes
"order moped online",20,,0,"(unlabelled, inferred)","Transactional (inferred)","Mopeds","/electric-motor-bikes/commuter-mopeds/","Absent",24,yes
"street legal moped for sale",20,,0,"(unlabelled, inferred)","Transactional (inferred)","Mopeds","/electric-motor-bikes/commuter-mopeds/","Absent",24,yes
"what is the best moped to buy",20,,0,"(unlabelled, inferred)","Transactional (inferred)","Mopeds","/electric-motor-bikes/commuter-mopeds/","Absent",24,yes
"where to buy mx bikes",20,,0,"(unlabelled, inferred)","Transactional (inferred)","Electric motocross","/shop/","Absent",24,yes
"youth dirt bikes for sale cheap",20,,0,"(unlabelled, inferred)","Transactional (inferred)","Kids & youth","/electric-motor-bikes/kids/","Absent",24,yes
"electric moped for sale near me",20,,0,"(unlabelled, inferred)","Transactional (inferred)","Mopeds","/electric-motor-bikes/commuter-mopeds/","Absent",24,yes
"moped price near me",20,,0,"(unlabelled, inferred)","Transactional (inferred)","Mopeds","/electric-motor-bikes/commuter-mopeds/","Absent",24,yes
"mx bike for sale",20,,0.27,"(unlabelled, inferred)","Transactional (inferred)","Electric motocross","/shop/","Absent",24,yes
"youth dirt bike for sale",20,,0,"(unlabelled, inferred)","Transactional (inferred)","Kids & youth","/electric-motor-bikes/kids/","Absent",24,yes
"cheap e bikes for 11 year olds",20,,0,"(unlabelled, inferred)","Transactional (inferred)","Kids & youth","/electric-motor-bikes/kids/","Absent",24,yes
"cheap e bikes for 12 year olds",20,,0,"(unlabelled, inferred)","Transactional (inferred)","Kids & youth","/electric-motor-bikes/kids/","Absent",24,yes
"cheap electric bikes for 12 year olds",20,,0,"(unlabelled, inferred)","Transactional (inferred)","Kids & youth","/electric-motor-bikes/kids/","Absent",24,yes
"cheap electric bikes for 13 year olds",20,,0,"(unlabelled, inferred)","Transactional (inferred)","Kids & youth","/electric-motor-bikes/kids/","Absent",24,yes
"e ride 3.0 price",20,,0,"(unlabelled, inferred)","Transactional (inferred)","E-Ride Pro brand","/shop/e-ride-pro-ss-2-0/","Absent",24,yes
"e ride price",20,,0,"(unlabelled, inferred)","Transactional (inferred)","E-Ride Pro brand","/shop/e-ride-pro-ss-2-0/","Absent",24,yes
"e ride pro 2.0 price",20,,0,"(unlabelled, inferred)","Transactional (inferred)","E-Ride Pro brand","/shop/e-ride-pro-ss-2-0/","Absent",24,yes
"e ride pro 3.0 for sale",20,,0,"(unlabelled, inferred)","Transactional (inferred)","E-Ride Pro brand","/shop/e-ride-pro-ss-2-0/","Absent",24,yes
"e ride pro 3.0 price",20,,0,"(unlabelled, inferred)","Transactional (inferred)","E-Ride Pro brand","/shop/e-ride-pro-ss-2-0/","Absent",24,yes
"e ride pro cost",20,,0,"(unlabelled, inferred)","Transactional (inferred)","E-Ride Pro brand","/shop/e-ride-pro-ss-2-0/","Absent",24,yes
"e ride pro s price",20,,0,"(unlabelled, inferred)","Transactional (inferred)","E-Ride Pro brand","/shop/e-ride-pro-ss-2-0/","Absent",24,yes
"e ride pro shop",20,,0,"(unlabelled, inferred)","Transactional (inferred)","E-Ride Pro brand","/shop/e-ride-pro-ss-2-0/","Absent",24,yes
"e ride pro shop near me",20,,0,"(unlabelled, inferred)","Transactional (inferred)","E-Ride Pro brand","/shop/e-ride-pro-ss-2-0/","Absent",24,yes
"e ride pro sr for sale",20,,0,"(unlabelled, inferred)","Transactional (inferred)","E-Ride Pro brand","/shop/e-ride-pro-ss-2-0/","Absent",24,yes
"e ride pro ss 2.0 for sale",20,,0,"(unlabelled, inferred)","Transactional (inferred)","E-Ride Pro brand","/shop/e-ride-pro-ss-2-0/","Absent",24,yes
"e ride pro ss 2.0 price",20,,0,"(unlabelled, inferred)","Transactional (inferred)","E-Ride Pro brand","/shop/e-ride-pro-ss-2-0/","Absent",24,yes
"e ride pro ss 3.0 for sale",20,,1.27,"(unlabelled, inferred)","Transactional (inferred)","E-Ride Pro brand","/shop/e-ride-pro-ss-2-0/","Absent",24,yes
"e ride pro ss 3.0 price",20,,0,"(unlabelled, inferred)","Transactional (inferred)","E-Ride Pro brand","/shop/e-ride-pro-ss-2-0/","Absent",24,yes
"e ride pro ss 72v for sale",20,,0,"(unlabelled, inferred)","Transactional (inferred)","E-Ride Pro brand","/shop/e-ride-pro-ss-2-0/","Absent",24,yes
"e ride pro ss australia price",20,,0,"(unlabelled, inferred)","Transactional (inferred)","E-Ride Pro brand","/shop/e-ride-pro-ss-2-0/","Absent",24,yes
"e ride pro ss cheap",20,,0,"(unlabelled, inferred)","Transactional (inferred)","E-Ride Pro brand","/shop/e-ride-pro-ss-2-0/","Absent",24,yes
"e ride pro ss for sale",20,,0,"(unlabelled, inferred)","Transactional (inferred)","E-Ride Pro brand","/shop/e-ride-pro-ss-2-0/","Absent",24,yes
"e ride pro ss for sale near me",20,,0,"(unlabelled, inferred)","Transactional (inferred)","E-Ride Pro brand","/shop/e-ride-pro-ss-2-0/","Absent",24,yes
"e ride pro ss price",20,,0,"(unlabelled, inferred)","Transactional (inferred)","E-Ride Pro brand","/shop/e-ride-pro-ss-2-0/","Absent",24,yes
"eride price",20,,0,"(unlabelled, inferred)","Transactional (inferred)","E-Ride Pro brand","/shop/e-ride-pro-ss-2-0/","Absent",24,yes
"eride pro 2.0 price",20,,0,"(unlabelled, inferred)","Transactional (inferred)","E-Ride Pro brand","/shop/e-ride-pro-ss-2-0/","Absent",24,yes
"eride pro 3.0 for sale",20,,0,"(unlabelled, inferred)","Transactional (inferred)","E-Ride Pro brand","/shop/e-ride-pro-ss-2-0/","Absent",24,yes
"eride pro 3.0 price",20,,0,"(unlabelled, inferred)","Transactional (inferred)","E-Ride Pro brand","/shop/e-ride-pro-ss-2-0/","Absent",24,yes
"eride pro cost",20,,0,"(unlabelled, inferred)","Transactional (inferred)","E-Ride Pro brand","/shop/e-ride-pro-ss-2-0/","Absent",24,yes
"eride pro price",20,,0,"(unlabelled, inferred)","Transactional (inferred)","E-Ride Pro brand","/shop/e-ride-pro-ss-2-0/","Absent",24,yes
"eride pro s price",20,,0,"(unlabelled, inferred)","Transactional (inferred)","E-Ride Pro brand","/shop/e-ride-pro-ss-2-0/","Absent",24,yes
"eride pro sr for sale",20,,0,"(unlabelled, inferred)","Transactional (inferred)","E-Ride Pro brand","/shop/e-ride-pro-ss-2-0/","Absent",24,yes
"eride pro sr price",20,,0,"(unlabelled, inferred)","Transactional (inferred)","E-Ride Pro brand","/shop/e-ride-pro-ss-2-0/","Absent",24,yes
"eride pro ss 2.0 for sale",20,,0,"(unlabelled, inferred)","Transactional (inferred)","E-Ride Pro brand","/shop/e-ride-pro-ss-2-0/","Absent",24,yes
"eride pro ss 2.0 price",20,,0,"(unlabelled, inferred)","Transactional (inferred)","E-Ride Pro brand","/shop/e-ride-pro-ss-2-0/","Absent",24,yes
"eride pro ss 3.0 for sale",20,,0,"(unlabelled, inferred)","Transactional (inferred)","E-Ride Pro brand","/shop/e-ride-pro-ss-2-0/","Absent",24,yes
"eride pro ss for sale",20,,0,"(unlabelled, inferred)","Transactional (inferred)","E-Ride Pro brand","/shop/e-ride-pro-ss-2-0/","Absent",24,yes
"eride pro ss price",20,,0,"(unlabelled, inferred)","Transactional (inferred)","E-Ride Pro brand","/shop/e-ride-pro-ss-2-0/","Absent",24,yes
"eride shop",20,,0,"(unlabelled, inferred)","Transactional (inferred)","E-Ride Pro brand","/shop/e-ride-pro-ss-2-0/","Absent",24,yes
"how much does a eride pro cost",20,,0,"(unlabelled, inferred)","Transactional (inferred)","E-Ride Pro brand","/shop/e-ride-pro-ss-2-0/","Absent",24,yes
"how much is a eride pro 3.0",20,,0,"(unlabelled, inferred)","Transactional (inferred)","E-Ride Pro brand","/shop/e-ride-pro-ss-2-0/","Absent",24,yes
"how much is a eride pro sr",20,,0,"(unlabelled, inferred)","Transactional (inferred)","E-Ride Pro brand","/shop/e-ride-pro-ss-2-0/","Absent",24,yes
"sydney ebikes",320,53,0.84,"Commercial","Commercial (Semrush)","Geo: Sydney (Generic e-bike (bicycle demand))","NO PAGE YET","no page",24,yes
"cruiser electric bike australia",50,9,0.5,"Informational, Transactional","Transactional (Semrush)","Generic e-bike (bicycle demand)","/electric-motor-bikes/rtr-ebike/","Absent",23,yes
"road registered electric bike",50,10,0.5,"Informational, Transactional","Transactional (Semrush)","Generic e-bike (bicycle demand)","/electric-motor-bikes/rtr-ebike/","Absent",23,yes
"coolest electric bike",90,,0.38,"Commercial","Commercial (Semrush)","Generic e-bike (bicycle demand)","/electric-motor-bikes/rtr-ebike/","Absent",22,yes
"best cheap emoto",20,,0,"(unlabelled, inferred)","Transactional (inferred)","Electric motorcycle","/electric-motor-bikes/","Absent",22,yes
"best cheap e motorcycle",20,,0,"(unlabelled, inferred)","Transactional (inferred)","Electric motorcycle","/electric-motor-bikes/","Absent",22,yes
"buy e motorcycle",20,,0,"(unlabelled, inferred)","Transactional (inferred)","Electric motorcycle","/electric-motor-bikes/","Absent",22,yes
"cheapest long range electric motorcycle",20,,0,"(unlabelled, inferred)","Transactional (inferred)","Electric motorcycle","/electric-motor-bikes/","Absent",22,yes
"electric motorcycle cost",20,,0,"(unlabelled, inferred)","Transactional (inferred)","Electric motorcycle","/electric-motor-bikes/","Absent",22,yes
"electric motorcycle for sale near me",20,,0,"(unlabelled, inferred)","Transactional (inferred)","Electric motorcycle","/electric-motor-bikes/","Absent",22,yes
"electric motorcycle price",20,,0,"(unlabelled, inferred)","Transactional (inferred)","Electric motorcycle","/electric-motor-bikes/","Absent",22,yes
"electric motorcycle shop",20,,0,"(unlabelled, inferred)","Transactional (inferred)","Electric motorcycle","/electric-motor-bikes/","Absent",22,yes
"where can i buy an electric motorcycle",20,,0,"(unlabelled, inferred)","Transactional (inferred)","Electric motorcycle","/electric-motor-bikes/","Absent",22,yes
"best cheap electric motorcycle",20,,0,"(unlabelled, inferred)","Transactional (inferred)","Electric motorcycle","/electric-motor-bikes/","Absent",22,yes
"new electric bike",90,25,0.36,"Informational, Commercial","Commercial (Semrush)","Generic e-bike (bicycle demand)","/electric-motor-bikes/rtr-ebike/","Absent",22,yes
"cruiser electric bicycle",110,10,0.35,"Commercial","Commercial (Semrush)","Generic e-bike (bicycle demand)","/electric-motor-bikes/rtr-ebike/","Absent",22,yes
"legal electric bikes",90,16,0.25,"Informational, Commercial","Commercial (Semrush)","Generic e-bike (bicycle demand)","/electric-motor-bikes/rtr-ebike/","Absent",22,yes
"nsw e-bike number plates",90,17,0,"Commercial","Commercial (Semrush)","Geo: NSW (Generic e-bike (bicycle demand))","NO PAGE YET","no page",22,yes
"electric balance bike australia",70,5,0.77,"Commercial","Commercial (Semrush)","Generic e-bike (bicycle demand)","/electric-motor-bikes/rtr-ebike/","Absent",21,yes
"electric cycle price in australia",140,33,0.51,"Transactional","Transactional (Semrush)","Generic e-bike (bicycle demand)","/electric-motor-bikes/rtr-ebike/","Absent",21,yes
"best value electric bike australia",70,7,0.32,"Commercial","Commercial (Semrush)","Generic e-bike (bicycle demand)","/electric-motor-bikes/rtr-ebike/","Absent",21,yes
"ebike folding australia",70,10,0.36,"Informational, Commercial","Commercial (Semrush)","Generic e-bike (bicycle demand)","/electric-motor-bikes/rtr-ebike/","Absent",21,yes
"ladies e bike australia",70,7,0.33,"Informational, Commercial","Commercial (Semrush)","Generic e-bike (bicycle demand)","/electric-motor-bikes/rtr-ebike/","Absent",21,yes
"step through electric bike australia",70,4,0.31,"Commercial","Commercial (Semrush)","Generic e-bike (bicycle demand)","/electric-motor-bikes/rtr-ebike/","Absent",21,yes
"best cheap ebike australia",70,10,0.33,"Commercial","Commercial (Semrush)","Generic e-bike (bicycle demand)","/electric-motor-bikes/rtr-ebike/","Absent",21,yes
"best throttle electric bike australia",70,6,0.34,"Commercial","Commercial (Semrush)","Generic e-bike (bicycle demand)","/electric-motor-bikes/rtr-ebike/","Absent",21,yes
"ebike with throttle australia",70,6,0.43,"Commercial","Commercial (Semrush)","Generic e-bike (bicycle demand)","/electric-motor-bikes/rtr-ebike/","Absent",21,yes
"2 person electric bike australia",70,6,0.36,"Commercial","Commercial (Semrush)","Generic e-bike (bicycle demand)","/electric-motor-bikes/rtr-ebike/","Absent",21,yes
"e bike company",140,48,0.93,"Commercial","Commercial (Semrush)","Generic e-bike (bicycle demand)","/electric-motor-bikes/rtr-ebike/","Absent",21,yes
"electric bike gold coast",140,31,0.55,"Commercial","Commercial (Semrush)","Geo: Gold Coast (Generic e-bike (bicycle demand))","NO PAGE YET","no page",21,yes
"16 electric bike",70,5,0.69,"Commercial","Commercial (Semrush)","Generic e-bike (bicycle demand)","/electric-motor-bikes/rtr-ebike/","Absent",21,yes
"4 wheeler e bike",70,8,0,"Informational, Commercial","Commercial (Semrush)","Generic e-bike (bicycle demand)","/electric-motor-bikes/rtr-ebike/","Absent",21,yes
"electric bikes bundaberg",70,6,0.34,"Commercial","Commercial (Semrush)","Generic e-bike (bicycle demand)","/electric-motor-bikes/rtr-ebike/","Absent",21,yes
"evo e bike",70,8,0.86,"Commercial","Commercial (Semrush)","Generic e-bike (bicycle demand)","/electric-motor-bikes/rtr-ebike/","Absent",21,yes
"buy electric bike australia",90,33,0.42,"Transactional","Transactional (Semrush)","Generic e-bike (bicycle demand)","/electric-motor-bikes/rtr-ebike/","Absent",20,yes
"where to buy electric bike",90,38,0.54,"Transactional","Transactional (Semrush)","Generic e-bike (bicycle demand)","/electric-motor-bikes/rtr-ebike/","Absent",20,yes
"road electric bicycle",100,7,0.44,"Informational, Commercial","Commercial (Semrush)","Generic e-bike (bicycle demand)","/electric-motor-bikes/rtr-ebike/","Absent",20,yes
"electric trials bike for sale australia",20,,0,"(unlabelled, inferred)","Transactional (inferred)","Trials bikes","/shop/oset-20-0-racing-junior/","Absent",19,yes
"cheap fast electric bike",80,18,0.34,"Informational, Commercial","Commercial (Semrush)","Generic e-bike (bicycle demand)","/electric-motor-bikes/rtr-ebike/","Absent",19,yes
"commuter ebike australia",90,6,0.29,"Commercial","Commercial (Semrush)","Generic e-bike (bicycle demand)","/electric-motor-bikes/rtr-ebike/","Absent",18,yes
"cardiff e bikes",50,23,0,"Transactional","Transactional (Semrush)","Generic e-bike (bicycle demand)","/electric-motor-bikes/rtr-ebike/","Absent",18,yes
"electric bikes brisbane milton",50,18,0.71,"Navigational, Transactional","Transactional (Semrush)","Geo: Brisbane (Generic e-bike (bicycle demand))","NO PAGE YET","no page",18,yes
"e bike pro",70,17,0,"Commercial","Commercial (Semrush)","Generic e-bike (bicycle demand)","/electric-motor-bikes/rtr-ebike/","Body only",17,yes
"electric bike cheap australia",70,,0.34,"Informational, Commercial","Commercial (Semrush)","Generic e-bike (bicycle demand)","/electric-motor-bikes/rtr-ebike/","Absent",17,yes
"top 5 electric bikes australia for adults",70,15,0.43,"Informational, Commercial","Commercial (Semrush)","Generic e-bike (bicycle demand)","/electric-motor-bikes/rtr-ebike/","Absent",17,yes
"electric bicycles for sale australia",110,37,0.38,"Transactional","Transactional (Semrush)","Generic e-bike (bicycle demand)","/electric-motor-bikes/rtr-ebike/","Absent",17,yes
"teenage electric bikes",70,20,0.45,"Informational, Commercial","Commercial (Semrush)","Generic e-bike (bicycle demand)","/electric-motor-bikes/rtr-ebike/","Absent",17,yes
"e bike cairns",70,,0.53,"Commercial","Commercial (Semrush)","Geo: Cairns (Generic e-bike (bicycle demand))","NO PAGE YET","no page",17,yes
"electric bike caloundra",70,17,0.24,"Navigational, Commercial","Commercial (Semrush)","Generic e-bike (bicycle demand)","/electric-motor-bikes/rtr-ebike/","Absent",17,yes
"comfortable electric bikes",70,18,0.43,"Commercial","Commercial (Semrush)","Generic e-bike (bicycle demand)","/electric-motor-bikes/rtr-ebike/","Absent",17,yes
"e bikes legal",70,21,0,"Commercial","Commercial (Semrush)","Generic e-bike (bicycle demand)","/electric-motor-bikes/rtr-ebike/","Absent",17,yes
"electric bikes mackay",70,15,0.38,"Commercial","Commercial (Semrush)","Generic e-bike (bicycle demand)","/electric-motor-bikes/rtr-ebike/","Absent",17,yes
"cheap fast e bikes",90,,0.41,"(unlabelled, inferred)","Transactional (inferred)","Generic e-bike (bicycle demand)","/electric-motor-bikes/rtr-ebike/","Absent",16,yes
"electric cycles sydney",210,50,1.02,"Commercial","Commercial (Semrush)","Geo: Sydney (Generic e-bike (bicycle demand))","NO PAGE YET","no page",16,yes
"ebike brands australia",50,12,0.4,"Commercial","Commercial (Semrush)","Generic e-bike (bicycle demand)","/electric-motor-bikes/rtr-ebike/","Absent",15,yes
"fat ebike australia",50,13,0.67,"Informational, Commercial","Commercial (Semrush)","Generic e-bike (bicycle demand)","/electric-motor-bikes/rtr-ebike/","Absent",15,yes
"bagus electric bike",50,6,0.49,"Commercial","Commercial (Semrush)","Generic e-bike (bicycle demand)","/electric-motor-bikes/rtr-ebike/","Absent",15,yes
"top e bikes",50,14,0.48,"Commercial","Commercial (Semrush)","Generic e-bike (bicycle demand)","/electric-motor-bikes/rtr-ebike/","Absent",15,yes
"street legal e bike",50,13,0.6,"Informational, Commercial","Commercial (Semrush)","Generic e-bike (bicycle demand)","/electric-motor-bikes/rtr-ebike/","Absent",15,yes
"18 inch electric bike",50,9,0.92,"Commercial","Commercial (Semrush)","Generic e-bike (bicycle demand)","/electric-motor-bikes/rtr-ebike/","Absent",15,yes
"small electric bikes",50,12,0.41,"Commercial","Commercial (Semrush)","Generic e-bike (bicycle demand)","/electric-motor-bikes/rtr-ebike/","Absent",15,yes
"electric bikes burleigh",50,12,1.18,"Commercial","Commercial (Semrush)","Generic e-bike (bicycle demand)","/electric-motor-bikes/rtr-ebike/","Absent",15,yes
"electric bikes cruiser",50,8,0.41,"Commercial","Commercial (Semrush)","Generic e-bike (bicycle demand)","/electric-motor-bikes/rtr-ebike/","Absent",15,yes
"throttle electric bikes australia",50,6,0.53,"Commercial","Commercial (Semrush)","Generic e-bike (bicycle demand)","/electric-motor-bikes/rtr-ebike/","Absent",15,yes
"cruise bikes",50,11,0.48,"Commercial","Commercial (Semrush)","Generic e-bike (bicycle demand)","/electric-motor-bikes/rtr-ebike/","Absent",15,yes
"cruiser style electric bikes",50,6,0,"Commercial","Commercial (Semrush)","Generic e-bike (bicycle demand)","/electric-motor-bikes/rtr-ebike/","Absent",15,yes
"electric bike beach",50,6,0,"Commercial","Commercial (Semrush)","Generic e-bike (bicycle demand)","/electric-motor-bikes/rtr-ebike/","Absent",15,yes
"electric bike kits australia",50,11,0.27,"Commercial","Commercial (Semrush)","Generic e-bike (bicycle demand)","/electric-motor-bikes/rtr-ebike/","Absent",15,yes
"road electric bikes",50,4,0.44,"Commercial","Commercial (Semrush)","Generic e-bike (bicycle demand)","/electric-motor-bikes/rtr-ebike/","Absent",15,yes
"electric bikes aus",90,32,0.38,"Commercial","Commercial (Semrush)","Generic e-bike (bicycle demand)","/electric-motor-bikes/rtr-ebike/","Absent",14,yes
"buy electric bicycle australia",90,36,0.42,"Transactional","Transactional (Semrush)","Generic e-bike (bicycle demand)","/electric-motor-bikes/rtr-ebike/","Absent",14,yes
"fastest electric cycle",90,,0.47,"Commercial","Commercial (Semrush)","Generic e-bike (bicycle demand)","/electric-motor-bikes/rtr-ebike/","Absent",14,yes
"electric bike australia price",70,,0.19,"(unlabelled, inferred)","Transactional (inferred)","Generic e-bike (bicycle demand)","/electric-motor-bikes/rtr-ebike/","Absent",13,yes
"fast and cheap e bikes",70,,0,"(unlabelled, inferred)","Transactional (inferred)","Generic e-bike (bicycle demand)","/electric-motor-bikes/rtr-ebike/","Absent",13,yes
"electric adventure bike",40,4,0,"Informational, Commercial","Commercial (Semrush)","Generic e-bike (bicycle demand)","/electric-motor-bikes/rtr-ebike/","Absent",12,yes
"alta electric dirt bike for sale",10,,0,"(unlabelled, inferred)","Transactional (inferred)","Electric dirt bike","/shop/","Absent",12,yes
"battery dirt bike price",10,,0,"(unlabelled, inferred)","Transactional (inferred)","Electric dirt bike","/shop/","Absent",12,yes
"best cheap electric dirt bike for adults",10,,0,"(unlabelled, inferred)","Transactional (inferred)","Electric dirt bike","/shop/","Absent",12,yes
"best electric dirt bike cheap",10,,0,"(unlabelled, inferred)","Transactional (inferred)","Electric dirt bike","/shop/","Absent",12,yes
"best electric dirt bike to buy",10,,0,"(unlabelled, inferred)","Transactional (inferred)","Electric dirt bike","/shop/","Absent",12,yes
"best place to buy electric dirt bike",10,,0,"(unlabelled, inferred)","Transactional (inferred)","Electric dirt bike","/shop/","Absent",12,yes
"cheap but fast electric dirt bikes",10,,0,"(unlabelled, inferred)","Transactional (inferred)","Electric dirt bike","/shop/","Absent",12,yes
"cheap dirt bike electric",10,,0.55,"(unlabelled, inferred)","Transactional (inferred)","Electric dirt bike","/shop/","Absent",12,yes
"cheap electric dirt bikes for 11 year olds",10,,0,"(unlabelled, inferred)","Transactional (inferred)","Kids & youth","/electric-motor-bikes/kids/","Absent",12,yes
"cheap electric dirt bikes for 13 year olds",10,,0,"(unlabelled, inferred)","Transactional (inferred)","Kids & youth","/electric-motor-bikes/kids/","Absent",12,yes
"cheap electric dirt bikes for adults nearby",10,,0,"(unlabelled, inferred)","Transactional (inferred)","Electric dirt bike","/shop/","Absent",12,yes
"cheap electric dirt bikes for kids",10,,0,"(unlabelled, inferred)","Transactional (inferred)","Kids & youth","/electric-motor-bikes/kids/","Absent",12,yes
"cheap electric motocross bike",10,,0,"(unlabelled, inferred)","Transactional (inferred)","Electric motocross","/shop/","Absent",12,yes
"cheap good electric dirt bikes",10,,0,"(unlabelled, inferred)","Transactional (inferred)","Electric dirt bike","/shop/","Absent",12,yes
"cheap street legal electric dirt bike",10,,0,"(unlabelled, inferred)","Transactional (inferred)","Electric dirt bike","/shop/","Absent",12,yes
"cheapest dirt bike electric",10,,0.55,"(unlabelled, inferred)","Transactional (inferred)","Electric dirt bike","/shop/","Absent",12,yes
"cheapest electric dirt bike for adults",10,,0.3,"(unlabelled, inferred)","Transactional (inferred)","Electric dirt bike","/shop/","Absent",12,yes
"cheapest electric dirt bike in australia",10,,0,"(unlabelled, inferred)","Transactional (inferred)","Electric dirt bike","/shop/","Absent",12,yes
"cheapest full size electric dirt bike",10,,0,"(unlabelled, inferred)","Transactional (inferred)","Electric dirt bike","/shop/","Absent",12,yes
"cost of electric dirt bike",10,,0,"(unlabelled, inferred)","Transactional (inferred)","Electric dirt bike","/shop/","Absent",12,yes
"dirt bikes for sale electric",10,,0.43,"(unlabelled, inferred)","Transactional (inferred)","Electric dirt bike","/shop/","Absent",12,yes
"e bikes for sale dirt bike",10,,0,"(unlabelled, inferred)","Transactional (inferred)","Electric dirt bike","/shop/","Absent",12,yes
"e dirt bike finance",10,,0,"(unlabelled, inferred)","Transactional (inferred)","Electric dirt bike","/shop/","Absent",12,yes
"ebike dirt bike for sale",10,,0,"(unlabelled, inferred)","Transactional (inferred)","Electric dirt bike","/shop/","Absent",12,yes
"electric dirt bike cheap and fast",10,,0,"(unlabelled, inferred)","Transactional (inferred)","Electric dirt bike","/shop/","Absent",12,yes
"electric dirt bike cheapest",10,,0,"(unlabelled, inferred)","Transactional (inferred)","Electric dirt bike","/shop/","Absent",12,yes
"electric dirt bike fast cheap",10,,0,"(unlabelled, inferred)","Transactional (inferred)","Electric dirt bike","/shop/","Absent",12,yes
"electric dirt bike for adults price",10,,0,"(unlabelled, inferred)","Transactional (inferred)","Electric dirt bike","/shop/","Absent",12,yes
"electric dirt bike for adults under $700",10,,0,"(unlabelled, inferred)","Transactional (inferred)","Electric dirt bike","/shop/","Absent",12,yes
"electric dirt bike for teens cheap",10,,0,"(unlabelled, inferred)","Transactional (inferred)","Electric dirt bike","/shop/","Absent",12,yes
"electric dirt bike for teens under $1000",10,,0,"(unlabelled, inferred)","Transactional (inferred)","Electric dirt bike","/shop/","Absent",12,yes
"electric dirt bike in nepal price",10,,0,"(unlabelled, inferred)","Transactional (inferred)","Electric dirt bike","/shop/","Absent",12,yes
"electric dirt bike price in nepal",10,,0,"(unlabelled, inferred)","Transactional (inferred)","Electric dirt bike","/shop/","Absent",12,yes
"electric motocross bike price",10,,0,"(unlabelled, inferred)","Transactional (inferred)","Electric motocross","/shop/","Absent",12,yes
"electric motorbike for sale near me",10,,0,"(unlabelled, inferred)","Transactional (inferred)","Electric motorbike","/electric-motor-bikes/","Absent",12,yes
"fast electric dirt bikes for sale",10,,0,"(unlabelled, inferred)","Transactional (inferred)","Electric dirt bike","/shop/","Absent",12,yes
"good cheap e dirt bikes",10,,0,"(unlabelled, inferred)","Transactional (inferred)","Electric dirt bike","/shop/","Absent",12,yes
"how much do electric dirt bikes cost",10,,0,"(unlabelled, inferred)","Transactional (inferred)","Electric dirt bike","/shop/","Absent",12,yes
"how much is a stark electric dirt bike",10,,0,"(unlabelled, inferred)","Transactional (inferred)","Electric dirt bike","/shop/","Absent",12,yes
"kids electric dirt bikes for sale",10,,0,"(unlabelled, inferred)","Transactional (inferred)","Kids & youth","/electric-motor-bikes/kids/","Absent",12,yes
"rtr electric dirt bike for sale",10,,0,"(unlabelled, inferred)","Transactional (inferred)","RTR eBike","/electric-motor-bikes/rtr-ebike/","Absent",12,yes
"what is the best cheap electric dirt bike",10,,0,"(unlabelled, inferred)","Transactional (inferred)","Electric dirt bike","/shop/","Absent",12,yes
"what is the best electric dirt bike to buy",10,,0,"(unlabelled, inferred)","Transactional (inferred)","Electric dirt bike","/shop/","Absent",12,yes
"what's the cheapest e dirt bike",10,,0,"(unlabelled, inferred)","Transactional (inferred)","Electric dirt bike","/shop/","Absent",12,yes
"where to buy e dirt bike",10,,0,"(unlabelled, inferred)","Transactional (inferred)","Electric dirt bike","/shop/","Absent",12,yes
"world's cheapest electric dirt bike",10,,0,"(unlabelled, inferred)","Transactional (inferred)","Electric dirt bike","/shop/","Absent",12,yes
"best ebikes australia 2025",50,16,0,"Commercial","Commercial (Semrush)","Generic e-bike (bicycle demand)","/electric-motor-bikes/rtr-ebike/","Absent",12,yes
"cargo electric bike australia",50,19,0.33,"Commercial","Commercial (Semrush)","Generic e-bike (bicycle demand)","/electric-motor-bikes/rtr-ebike/","Absent",12,yes
"e bikes wa",50,,0.86,"Commercial","Commercial (Semrush)","Geo: WA (Generic e-bike (bicycle demand))","NO PAGE YET","no page",12,yes
"cheapest electric motorbike australia",10,,0,"(unlabelled, inferred)","Transactional (inferred)","Electric motorbike","/electric-motor-bikes/","Absent",12,yes
"popular e bikes",50,25,0.21,"Commercial","Commercial (Semrush)","Generic e-bike (bicycle demand)","/electric-motor-bikes/rtr-ebike/","Absent",12,yes
"average moped price",10,,0,"(unlabelled, inferred)","Transactional (inferred)","Mopeds","/electric-motor-bikes/commuter-mopeds/","Absent",12,yes
"battery moped price",10,,0,"(unlabelled, inferred)","Transactional (inferred)","Mopeds","/electric-motor-bikes/commuter-mopeds/","Absent",12,yes
"best moped to buy in 2025",10,,0,"(unlabelled, inferred)","Transactional (inferred)","Mopeds","/electric-motor-bikes/commuter-mopeds/","Absent",12,yes
"brand new moped price",10,,0,"(unlabelled, inferred)","Transactional (inferred)","Mopeds","/electric-motor-bikes/commuter-mopeds/","Absent",12,yes
"brand new mopeds for sale",10,,0,"(unlabelled, inferred)","Transactional (inferred)","Mopeds","/electric-motor-bikes/commuter-mopeds/","Absent",12,yes
"cheap 125 mopeds",10,,0,"(unlabelled, inferred)","Transactional (inferred)","Mopeds","/electric-motor-bikes/commuter-mopeds/","Absent",12,yes
"cheap dirt bikes for 8 year olds",10,,0,"(unlabelled, inferred)","Transactional (inferred)","Kids & youth","/electric-motor-bikes/kids/","Absent",12,yes
"cheap dirt bikes for kids",10,,0,"(unlabelled, inferred)","Transactional (inferred)","Kids & youth","/electric-motor-bikes/kids/","Absent",12,yes
"cheap e dirt bikes for sale",10,,0,"(unlabelled, inferred)","Transactional (inferred)","Electric dirt bike","/shop/","Absent",12,yes
"cheap electric mopeds for adults",10,,0.53,"(unlabelled, inferred)","Transactional (inferred)","Mopeds","/electric-motor-bikes/commuter-mopeds/","Absent",12,yes
"cheap fast e dirt bikes",10,,0,"(unlabelled, inferred)","Transactional (inferred)","Electric dirt bike","/shop/","Absent",12,yes
"cheap kids dirt bikes",10,,0,"(unlabelled, inferred)","Transactional (inferred)","Kids & youth","/electric-motor-bikes/kids/","Absent",12,yes
"cheap moped style e bike",10,,0,"(unlabelled, inferred)","Transactional (inferred)","Mopeds","/electric-motor-bikes/commuter-mopeds/","Absent",12,yes
"cheap off road bikes for sale",10,,0,"(unlabelled, inferred)","Transactional (inferred)","Off-road / trail / enduro","/shop/","Absent",12,yes
"cheapest electric motorbike",10,,0,"(unlabelled, inferred)","Transactional (inferred)","Electric motorbike","/electric-motor-bikes/","Absent",12,yes
"cheapest moped to insure",10,,0,"(unlabelled, inferred)","Transactional (inferred)","Mopeds","/electric-motor-bikes/commuter-mopeds/","Absent",12,yes
"cheapest new moped",10,,0,"(unlabelled, inferred)","Transactional (inferred)","Mopeds","/electric-motor-bikes/commuter-mopeds/","Absent",12,yes
"dirt bike for 10 year old price",10,,0,"(unlabelled, inferred)","Transactional (inferred)","Kids & youth","/electric-motor-bikes/kids/","Absent",12,yes
"dirt bikes for 9 year olds cheap",10,,0,"(unlabelled, inferred)","Transactional (inferred)","Kids & youth","/electric-motor-bikes/kids/","Absent",12,yes
"dirt bikes for sale kids",10,,0,"(unlabelled, inferred)","Transactional (inferred)","Kids & youth","/electric-motor-bikes/kids/","Absent",12,yes
"e dirt bikes for sale nearby",10,,0,"(unlabelled, inferred)","Transactional (inferred)","Electric dirt bike","/shop/","Absent",12,yes
"e moped price",10,,0,"(unlabelled, inferred)","Transactional (inferred)","Mopeds","/electric-motor-bikes/commuter-mopeds/","Absent",12,yes
"electric moped buy",10,,0,"(unlabelled, inferred)","Transactional (inferred)","Mopeds","/electric-motor-bikes/commuter-mopeds/","Absent",12,yes
"electric moped cost",10,,0,"(unlabelled, inferred)","Transactional (inferred)","Mopeds","/electric-motor-bikes/commuter-mopeds/","Absent",12,yes
"electric moped shop near me",10,,0,"(unlabelled, inferred)","Transactional (inferred)","Mopeds","/electric-motor-bikes/commuter-mopeds/","Absent",12,yes
"electric moped under $500",10,,0,"(unlabelled, inferred)","Transactional (inferred)","Mopeds","/electric-motor-bikes/commuter-mopeds/","Absent",12,yes
"how much is a kids dirt bike",10,,0,"(unlabelled, inferred)","Transactional (inferred)","Kids & youth","/electric-motor-bikes/kids/","Absent",12,yes
"how much is an electric moped",10,,0,"(unlabelled, inferred)","Transactional (inferred)","Mopeds","/electric-motor-bikes/commuter-mopeds/","Absent",12,yes
"kids dirt bike cheap",10,,0,"(unlabelled, inferred)","Transactional (inferred)","Kids & youth","/electric-motor-bikes/kids/","Absent",12,yes
"kids dirt bikes for sale near me",10,,0,"(unlabelled, inferred)","Transactional (inferred)","Kids & youth","/electric-motor-bikes/kids/","Absent",12,yes
"moped battery cost",10,,0,"(unlabelled, inferred)","Transactional (inferred)","Mopeds","/electric-motor-bikes/commuter-mopeds/","Absent",12,yes
"moped car price",10,,0,"(unlabelled, inferred)","Transactional (inferred)","Mopeds","/electric-motor-bikes/commuter-mopeds/","Absent",12,yes
"moped cheap for sale",10,,0,"(unlabelled, inferred)","Transactional (inferred)","Mopeds","/electric-motor-bikes/commuter-mopeds/","Absent",12,yes
"moped deals",10,,0,"(unlabelled, inferred)","Transactional (inferred)","Mopeds","/electric-motor-bikes/commuter-mopeds/","Absent",12,yes
"moped for sale cheap",10,,0,"(unlabelled, inferred)","Transactional (inferred)","Mopeds","/electric-motor-bikes/commuter-mopeds/","Absent",12,yes
"moped for sale under $1 000",10,,0,"(unlabelled, inferred)","Transactional (inferred)","Mopeds","/electric-motor-bikes/commuter-mopeds/","Absent",12,yes
"moped prices new",10,,0,"(unlabelled, inferred)","Transactional (inferred)","Mopeds","/electric-motor-bikes/commuter-mopeds/","Absent",12,yes
"moped under $600",10,,0,"(unlabelled, inferred)","Transactional (inferred)","Mopeds","/electric-motor-bikes/commuter-mopeds/","Absent",12,yes
"mopeds online",10,,0,"(unlabelled, inferred)","Transactional (inferred)","Mopeds","/electric-motor-bikes/commuter-mopeds/","Absent",12,yes
"motocross e bikes for sale",10,,0,"(unlabelled, inferred)","Transactional (inferred)","Electric motocross","/shop/","Absent",12,yes
"new moped price",10,,0,"(unlabelled, inferred)","Transactional (inferred)","Mopeds","/electric-motor-bikes/commuter-mopeds/","Absent",12,yes
"off road motorbikes for sale near me",10,,0,"(unlabelled, inferred)","Transactional (inferred)","Off-road / trail / enduro","/shop/","Absent",12,yes
"online moped store",10,,0,"(unlabelled, inferred)","Transactional (inferred)","Mopeds","/electric-motor-bikes/commuter-mopeds/","Absent",12,yes
"price e dirt bike",10,,0,"(unlabelled, inferred)","Transactional (inferred)","Electric dirt bike","/shop/","Absent",12,yes
"razor moped cheap",10,,0,"(unlabelled, inferred)","Transactional (inferred)","Youth brands (KTM/Husqvarna/Razor)","/electric-motor-bikes/kids/","Absent",12,yes
"which is the best moped to buy",10,,0,"(unlabelled, inferred)","Transactional (inferred)","Mopeds","/electric-motor-bikes/commuter-mopeds/","Absent",12,yes
"2024 e ride pro s price",10,,0,"(unlabelled, inferred)","Transactional (inferred)","E-Ride Pro brand","/shop/e-ride-pro-ss-2-0/","Absent",12,yes
"buy eride pro",10,,0,"(unlabelled, inferred)","Transactional (inferred)","E-Ride Pro brand","/shop/e-ride-pro-ss-2-0/","Absent",12,yes
"buy eride pro ss",10,,0,"(unlabelled, inferred)","Transactional (inferred)","E-Ride Pro brand","/shop/e-ride-pro-ss-2-0/","Absent",12,yes
"cheap e bikes for kids",10,,0,"(unlabelled, inferred)","Transactional (inferred)","Kids & youth","/electric-motor-bikes/kids/","Absent",12,yes
"cheap kids ebike",10,,0,"(unlabelled, inferred)","Transactional (inferred)","Kids & youth","/electric-motor-bikes/kids/","Absent",12,yes
"e ride pro 2.0 for sale",10,,0,"(unlabelled, inferred)","Transactional (inferred)","E-Ride Pro brand","/shop/e-ride-pro-ss-2-0/","Absent",12,yes
"e ride pro s 16 price",10,,0,"(unlabelled, inferred)","Transactional (inferred)","E-Ride Pro brand","/shop/e-ride-pro-ss-2-0/","Absent",12,yes
"e ride pro s 17 price",10,,0,"(unlabelled, inferred)","Transactional (inferred)","E-Ride Pro brand","/shop/e-ride-pro-ss-2-0/","Absent",12,yes
"e ride pro s for sale",10,,0,"(unlabelled, inferred)","Transactional (inferred)","E-Ride Pro brand","/shop/e-ride-pro-ss-2-0/","Absent",12,yes
"e ride pro sr cost",10,,0,"(unlabelled, inferred)","Transactional (inferred)","E-Ride Pro brand","/shop/e-ride-pro-ss-2-0/","Absent",12,yes
"e ride pro ss cost",10,,0,"(unlabelled, inferred)","Transactional (inferred)","E-Ride Pro brand","/shop/e-ride-pro-ss-2-0/","Absent",12,yes
"e ride sr price",10,,0,"(unlabelled, inferred)","Transactional (inferred)","E-Ride Pro brand","/shop/e-ride-pro-ss-2-0/","Absent",12,yes
"electric bike for 10 year old cheap",10,,0,"(unlabelled, inferred)","Transactional (inferred)","Kids & youth","/electric-motor-bikes/kids/","Absent",12,yes
"eride for sale",10,,0,"(unlabelled, inferred)","Transactional (inferred)","E-Ride Pro brand","/shop/e-ride-pro-ss-2-0/","Absent",12,yes
"eride pro for sale near me",10,,0,"(unlabelled, inferred)","Transactional (inferred)","E-Ride Pro brand","/shop/e-ride-pro-ss-2-0/","Absent",12,yes
"eride pro s for sale",10,,0,"(unlabelled, inferred)","Transactional (inferred)","E-Ride Pro brand","/shop/e-ride-pro-ss-2-0/","Absent",12,yes
"eride pro shop",10,,0,"(unlabelled, inferred)","Transactional (inferred)","E-Ride Pro brand","/shop/e-ride-pro-ss-2-0/","Absent",12,yes
"eride pro ss 3.0 for sale near me",10,,0,"(unlabelled, inferred)","Transactional (inferred)","E-Ride Pro brand","/shop/e-ride-pro-ss-2-0/","Absent",12,yes
"eride pro ss cost",10,,0,"(unlabelled, inferred)","Transactional (inferred)","E-Ride Pro brand","/shop/e-ride-pro-ss-2-0/","Absent",12,yes
"how much does a eride pro 3.0 weight",10,,0,"(unlabelled, inferred)","Transactional (inferred)","E-Ride Pro brand","/shop/e-ride-pro-ss-2-0/","Absent",12,yes
"how much does the e ride pro ss 2.0 weight",10,,0,"(unlabelled, inferred)","Transactional (inferred)","E-Ride Pro brand","/shop/e-ride-pro-ss-2-0/","Absent",12,yes
"how much is a eride",10,,0,"(unlabelled, inferred)","Transactional (inferred)","E-Ride Pro brand","/shop/e-ride-pro-ss-2-0/","Absent",12,yes
"how much is a eride pro ss",10,,0,"(unlabelled, inferred)","Transactional (inferred)","E-Ride Pro brand","/shop/e-ride-pro-ss-2-0/","Absent",12,yes
"how much is the e ride pro s",10,,0,"(unlabelled, inferred)","Transactional (inferred)","E-Ride Pro brand","/shop/e-ride-pro-ss-2-0/","Absent",12,yes
"how much is the e ride pro sr",10,,0,"(unlabelled, inferred)","Transactional (inferred)","E-Ride Pro brand","/shop/e-ride-pro-ss-2-0/","Absent",12,yes
"how much is the e ride pro ss",10,,0,"(unlabelled, inferred)","Transactional (inferred)","E-Ride Pro brand","/shop/e-ride-pro-ss-2-0/","Absent",12,yes
"kids e bikes for sale",10,,0,"(unlabelled, inferred)","Transactional (inferred)","Kids & youth","/electric-motor-bikes/kids/","Absent",12,yes
"price e ride pro",10,,0,"(unlabelled, inferred)","Transactional (inferred)","E-Ride Pro brand","/shop/e-ride-pro-ss-2-0/","Absent",12,yes
"where to buy e ride pro ss",10,,0,"(unlabelled, inferred)","Transactional (inferred)","E-Ride Pro brand","/shop/e-ride-pro-ss-2-0/","Absent",12,yes
"where to buy eride pro",10,,0,"(unlabelled, inferred)","Transactional (inferred)","E-Ride Pro brand","/shop/e-ride-pro-ss-2-0/","Absent",12,yes
"youth e bikes for sale",10,,0,"(unlabelled, inferred)","Transactional (inferred)","Kids & youth","/electric-motor-bikes/kids/","Absent",12,yes
"ebike burleigh",50,,1.18,"Commercial","Commercial (Semrush)","Generic e-bike (bicycle demand)","/electric-motor-bikes/rtr-ebike/","Absent",12,yes
"electric bikes rockhampton",50,19,0.64,"Commercial","Commercial (Semrush)","Generic e-bike (bicycle demand)","/electric-motor-bikes/rtr-ebike/","Absent",12,yes
"rent e bike brisbane",50,25,1.38,"Commercial","Commercial (Semrush)","Geo: Brisbane (Generic e-bike (bicycle demand))","NO PAGE YET","no page",12,yes
"cheap 4 wheel motorbikes",10,,0,"(unlabelled, inferred)","Transactional (inferred)","Electric motorbike","/electric-motor-bikes/","Absent",12,yes
"ebike tires",50,,0.33,"Informational, Commercial","Commercial (Semrush)","Generic e-bike (bicycle demand)","/electric-motor-bikes/rtr-ebike/","Absent",12,yes
"cheap adult electric motorcycle",10,,0,"(unlabelled, inferred)","Transactional (inferred)","Electric motorcycle","/electric-motor-bikes/","Absent",11,yes
"cheap electric motorcycle for sale",10,,0,"(unlabelled, inferred)","Transactional (inferred)","Electric motorcycle","/electric-motor-bikes/","Absent",11,yes
"cheap electric motorcycle street legal",10,,0,"(unlabelled, inferred)","Transactional (inferred)","Electric motorcycle","/electric-motor-bikes/","Absent",11,yes
"what is the cheapest emoto",10,,0,"(unlabelled, inferred)","Transactional (inferred)","Electric motorcycle","/electric-motor-bikes/","Absent",11,yes
"adult electric motorcycle for sale",10,,0,"(unlabelled, inferred)","Transactional (inferred)","Electric motorcycle","/electric-motor-bikes/","Absent",11,yes
"best cheapest electric motorcycle",10,,0,"(unlabelled, inferred)","Transactional (inferred)","Electric motorcycle","/electric-motor-bikes/","Absent",11,yes
"buy electric motorcycle near me",10,,0,"(unlabelled, inferred)","Transactional (inferred)","Electric motorcycle","/electric-motor-bikes/","Absent",11,yes
"cheapest e motorcycle",10,,0.59,"(unlabelled, inferred)","Transactional (inferred)","Electric motorcycle","/electric-motor-bikes/","Absent",11,yes
"cheapest street legal electric motorcycle",10,,0,"(unlabelled, inferred)","Transactional (inferred)","Electric motorcycle","/electric-motor-bikes/","Absent",11,yes
"cost of electric motorcycle",10,,0,"(unlabelled, inferred)","Transactional (inferred)","Electric motorcycle","/electric-motor-bikes/","Absent",11,yes
"e-motorcycle for sale",10,,0,"(unlabelled, inferred)","Transactional (inferred)","Electric motorcycle","/electric-motor-bikes/","Absent",11,yes
"electric motorcycle buy",10,,0.28,"(unlabelled, inferred)","Transactional (inferred)","Electric motorcycle","/electric-motor-bikes/","Absent",11,yes
"electric motorcycle deals",10,,0,"(unlabelled, inferred)","Transactional (inferred)","Electric motorcycle","/electric-motor-bikes/","Absent",11,yes
"electric sport motorcycle for sale",10,,0,"(unlabelled, inferred)","Transactional (inferred)","Electric motorcycle","/electric-motor-bikes/","Absent",11,yes
"fast cheap electric motorcycle",10,,0,"(unlabelled, inferred)","Transactional (inferred)","Electric motorcycle","/electric-motor-bikes/","Absent",11,yes
"fastest electric motorcycle for sale",10,,0,"(unlabelled, inferred)","Transactional (inferred)","Electric motorcycle","/electric-motor-bikes/","Absent",11,yes
"for sale electric motorcycle",10,,0.21,"(unlabelled, inferred)","Transactional (inferred)","Electric motorcycle","/electric-motor-bikes/","Absent",11,yes
"online electric motorcycle",10,,0,"(unlabelled, inferred)","Transactional (inferred)","Electric motorcycle","/electric-motor-bikes/","Absent",11,yes
"shop electric motorcycles near me",10,,0,"(unlabelled, inferred)","Transactional (inferred)","Electric motorcycle","/electric-motor-bikes/","Absent",11,yes
"what is the cheapest electric motorcycle",10,,0,"(unlabelled, inferred)","Transactional (inferred)","Electric motorcycle","/electric-motor-bikes/","Absent",11,yes
"brisbane ebike",70,33,0.42,"Navigational, Commercial","Commercial (Semrush)","Geo: Brisbane (Generic e-bike (bicycle demand))","NO PAGE YET","no page",11,yes
"electric bike rent brisbane",70,40,1.14,"Commercial","Commercial (Semrush)","Geo: Brisbane (Generic e-bike (bicycle demand))","NO PAGE YET","no page",11,yes
"electric cruiser motorcycle for sale",10,,0,"(unlabelled, inferred)","Transactional (inferred)","Electric motorcycle","/electric-motor-bikes/","Absent",11,yes
"best ebike for commuting australia",50,13,0.36,"Commercial","Commercial (Semrush)","Generic e-bike (bicycle demand)","/electric-motor-bikes/rtr-ebike/","Absent",10,yes
"dirt electric bikes",30,13,0,"Commercial","Commercial (Semrush)","Generic e-bike (bicycle demand)","/electric-motor-bikes/rtr-ebike/","Absent",9,yes
"electric cycles australia",120,54,1.46,"Informational, Commercial","Commercial (Semrush)","Generic e-bike (bicycle demand)","/electric-motor-bikes/rtr-ebike/","Absent",9,yes
"buy ebike sydney",50,,0.44,"(unlabelled, inferred)","Transactional (inferred)","Geo: Sydney (Generic e-bike (bicycle demand))","NO PAGE YET","no page",9,yes
"what is the best electric bike to buy in australia",50,,0.29,"(unlabelled, inferred)","Transactional (inferred)","Generic e-bike (bicycle demand)","/electric-motor-bikes/rtr-ebike/","Absent",9,yes
"e bike cost australia",50,,0.21,"(unlabelled, inferred)","Transactional (inferred)","Generic e-bike (bicycle demand)","/electric-motor-bikes/rtr-ebike/","Absent",9,yes
"cruiser e bikes for sale",50,,0,"(unlabelled, inferred)","Transactional (inferred)","Generic e-bike (bicycle demand)","/electric-motor-bikes/rtr-ebike/","Absent",9,yes
"buy e bike melbourne",50,,0.43,"(unlabelled, inferred)","Transactional (inferred)","Geo: Melbourne (Generic e-bike (bicycle demand))","/electric-motor-bikes/melbourne/","Absent",9,yes
"australian made electric bikes",50,45,0.41,"Commercial","Commercial (Semrush)","Generic e-bike (bicycle demand)","/electric-motor-bikes/rtr-ebike/","Absent",8,yes
"lectric ebike australia",50,38,0.31,"Navigational, Commercial","Commercial (Semrush)","Generic e-bike (bicycle demand)","/electric-motor-bikes/rtr-ebike/","Absent",8,yes
"popular electric bikes",50,31,0.48,"Commercial","Commercial (Semrush)","Generic e-bike (bicycle demand)","/electric-motor-bikes/rtr-ebike/","Absent",8,yes
"electric bikee",50,35,0.38,"Commercial","Commercial (Semrush)","Generic e-bike (bicycle demand)","/electric-motor-bikes/rtr-ebike/","Absent",8,yes
"electric bikes noosaville",50,48,0.69,"Navigational, Commercial","Commercial (Semrush)","Generic e-bike (bicycle demand)","/electric-motor-bikes/rtr-ebike/","Absent",8,yes
"electric bicycle au",70,31,0.47,"Informational, Commercial","Commercial (Semrush)","Generic e-bike (bicycle demand)","/electric-motor-bikes/rtr-ebike/","Absent",7,yes
"ebikes online australia",40,,1.15,"(unlabelled, inferred)","Transactional (inferred)","Generic e-bike (bicycle demand)","/electric-motor-bikes/rtr-ebike/","Absent",7,yes
"e bikes for sale south africa",40,,0,"(unlabelled, inferred)","Transactional (inferred)","Generic e-bike (bicycle demand)","/electric-motor-bikes/rtr-ebike/","Absent",7,yes
"electric bikes for sale canberra",40,,0,"(unlabelled, inferred)","Transactional (inferred)","Geo: Canberra (Generic e-bike (bicycle demand))","NO PAGE YET","no page",7,yes
"best electric bike under $1000 australia",40,,0.29,"(unlabelled, inferred)","Transactional (inferred)","Generic e-bike (bicycle demand)","/electric-motor-bikes/rtr-ebike/","Absent",7,yes
"electric bikes for sale cheap australia",40,,0,"(unlabelled, inferred)","Transactional (inferred)","Generic e-bike (bicycle demand)","/electric-motor-bikes/rtr-ebike/","Absent",7,yes
"best electric bike australia under $1000",40,,0.33,"(unlabelled, inferred)","Transactional (inferred)","Generic e-bike (bicycle demand)","/electric-motor-bikes/rtr-ebike/","Absent",7,yes
"cheap but fast e bikes",40,,0,"(unlabelled, inferred)","Transactional (inferred)","Generic e-bike (bicycle demand)","/electric-motor-bikes/rtr-ebike/","Absent",7,yes
"cheap e bikes that go fast",40,,0,"(unlabelled, inferred)","Transactional (inferred)","Generic e-bike (bicycle demand)","/electric-motor-bikes/rtr-ebike/","Absent",7,yes
"e bikes cheap fast",40,,0,"(unlabelled, inferred)","Transactional (inferred)","Generic e-bike (bicycle demand)","/electric-motor-bikes/rtr-ebike/","Absent",7,yes
"fast e bikes cheap",40,,0,"(unlabelled, inferred)","Transactional (inferred)","Generic e-bike (bicycle demand)","/electric-motor-bikes/rtr-ebike/","Absent",7,yes
"fast electric bike for sale",40,,0.35,"(unlabelled, inferred)","Transactional (inferred)","Generic e-bike (bicycle demand)","/electric-motor-bikes/rtr-ebike/","Absent",7,yes
"fastest and cheapest ebike",40,,0,"(unlabelled, inferred)","Transactional (inferred)","Generic e-bike (bicycle demand)","/electric-motor-bikes/rtr-ebike/","Absent",7,yes
"softride bike price",40,,0,"(unlabelled, inferred)","Transactional (inferred)","Generic e-bike (bicycle demand)","/electric-motor-bikes/rtr-ebike/","Absent",7,yes
"buy electric bike melbourne",40,,0.43,"(unlabelled, inferred)","Transactional (inferred)","Geo: Melbourne (Generic e-bike (bicycle demand))","/electric-motor-bikes/melbourne/","Absent",7,yes
"cheap electric bikes melbourne",40,,0.3,"(unlabelled, inferred)","Transactional (inferred)","Geo: Melbourne (Generic e-bike (bicycle demand))","/electric-motor-bikes/melbourne/","Absent",7,yes
"e bike tire price",40,,0,"(unlabelled, inferred)","Transactional (inferred)","Generic e-bike (bicycle demand)","/electric-motor-bikes/rtr-ebike/","Absent",7,yes
"cost of e bikes in australia",30,,0.17,"(unlabelled, inferred)","Transactional (inferred)","Generic e-bike (bicycle demand)","/electric-motor-bikes/rtr-ebike/","Absent",5,yes
"best cheap electric bikes australia",30,,0.27,"(unlabelled, inferred)","Transactional (inferred)","Generic e-bike (bicycle demand)","/electric-motor-bikes/rtr-ebike/","Absent",5,yes
"e bikes australia sale",30,,0.47,"(unlabelled, inferred)","Transactional (inferred)","Generic e-bike (bicycle demand)","/electric-motor-bikes/rtr-ebike/","Absent",5,yes
"cheapest and fastest electric bike",30,,0,"(unlabelled, inferred)","Transactional (inferred)","Generic e-bike (bicycle demand)","/electric-motor-bikes/rtr-ebike/","Absent",5,yes
"fast and cheap electric bikes",30,,0,"(unlabelled, inferred)","Transactional (inferred)","Generic e-bike (bicycle demand)","/electric-motor-bikes/rtr-ebike/","Absent",5,yes
"fastest ebikes for sale",30,,0.35,"(unlabelled, inferred)","Transactional (inferred)","Generic e-bike (bicycle demand)","/electric-motor-bikes/rtr-ebike/","Absent",5,yes
"electric bikes to buy near me",30,,0,"(unlabelled, inferred)","Transactional (inferred)","Generic e-bike (bicycle demand)","/electric-motor-bikes/rtr-ebike/","Absent",5,yes
"cruise bike price",30,,0,"(unlabelled, inferred)","Transactional (inferred)","Generic e-bike (bicycle demand)","/electric-motor-bikes/rtr-ebike/","Absent",5,yes
"cruiser electric bike price",30,,0,"(unlabelled, inferred)","Transactional (inferred)","Generic e-bike (bicycle demand)","/electric-motor-bikes/rtr-ebike/","Absent",5,yes
"cheap e bikes melbourne",30,,0.3,"(unlabelled, inferred)","Transactional (inferred)","Geo: Melbourne (Generic e-bike (bicycle demand))","/electric-motor-bikes/melbourne/","Absent",5,yes
"electric bike on road price",30,,0,"(unlabelled, inferred)","Transactional (inferred)","Generic e-bike (bicycle demand)","/electric-motor-bikes/rtr-ebike/","Absent",5,yes
"road ebike for sale",30,,0,"(unlabelled, inferred)","Transactional (inferred)","Generic e-bike (bicycle demand)","/electric-motor-bikes/rtr-ebike/","Absent",5,yes
"australia post electric bikes for sale",20,,0,"(unlabelled, inferred)","Transactional (inferred)","Generic e-bike (bicycle demand)","/electric-motor-bikes/rtr-ebike/","Absent",4,yes
"e bike australia cheap",20,,0,"(unlabelled, inferred)","Transactional (inferred)","Generic e-bike (bicycle demand)","/electric-motor-bikes/rtr-ebike/","Absent",4,yes
"e bike australia price",20,,0.19,"(unlabelled, inferred)","Transactional (inferred)","Generic e-bike (bicycle demand)","/electric-motor-bikes/rtr-ebike/","Absent",4,yes
"e bikes for sale canberra",20,,0,"(unlabelled, inferred)","Transactional (inferred)","Geo: Canberra (Generic e-bike (bicycle demand))","NO PAGE YET","no page",4,yes
"electric bicycle price in australia",30,,0.31,"(unlabelled, inferred)","Transactional (inferred)","Generic e-bike (bicycle demand)","/electric-motor-bikes/rtr-ebike/","Absent",4,yes
"electric bikes australia cheap",20,,0,"(unlabelled, inferred)","Transactional (inferred)","Generic e-bike (bicycle demand)","/electric-motor-bikes/rtr-ebike/","Absent",4,yes
"electric bikes australia for sale",20,,0.53,"(unlabelled, inferred)","Transactional (inferred)","Generic e-bike (bicycle demand)","/electric-motor-bikes/rtr-ebike/","Absent",4,yes
"electric bikes online australia",20,,0.65,"(unlabelled, inferred)","Transactional (inferred)","Generic e-bike (bicycle demand)","/electric-motor-bikes/rtr-ebike/","Absent",4,yes
"estate city e bike price in australia",20,,0,"(unlabelled, inferred)","Transactional (inferred)","Generic e-bike (bicycle demand)","/electric-motor-bikes/rtr-ebike/","Absent",4,yes
"how much is an e bike australia",20,,0.12,"(unlabelled, inferred)","Transactional (inferred)","Generic e-bike (bicycle demand)","/electric-motor-bikes/rtr-ebike/","Absent",4,yes
"should i buy an electric bike",20,,0,"(unlabelled, inferred)","Transactional (inferred)","Generic e-bike (bicycle demand)","/electric-motor-bikes/rtr-ebike/","Absent",4,yes
"what is the best ebike to buy in australia",20,,0.46,"(unlabelled, inferred)","Transactional (inferred)","Generic e-bike (bicycle demand)","/electric-motor-bikes/rtr-ebike/","Absent",4,yes
"why buy an electric bike",20,,0,"(unlabelled, inferred)","Transactional (inferred)","Generic e-bike (bicycle demand)","/electric-motor-bikes/rtr-ebike/","Absent",4,yes
"best cheap fast ebike",20,,0,"(unlabelled, inferred)","Transactional (inferred)","Generic e-bike (bicycle demand)","/electric-motor-bikes/rtr-ebike/","Absent",4,yes
"buy fast electric bike",20,,0,"(unlabelled, inferred)","Transactional (inferred)","Generic e-bike (bicycle demand)","/electric-motor-bikes/rtr-ebike/","Absent",4,yes
"cheap but fast electric bikes",20,,0,"(unlabelled, inferred)","Transactional (inferred)","Generic e-bike (bicycle demand)","/electric-motor-bikes/rtr-ebike/","Absent",4,yes
"cheap e bikes that are fast",20,,0,"(unlabelled, inferred)","Transactional (inferred)","Generic e-bike (bicycle demand)","/electric-motor-bikes/rtr-ebike/","Absent",4,yes
"cheap fast ebikes for sale",20,,0,"(unlabelled, inferred)","Transactional (inferred)","Generic e-bike (bicycle demand)","/electric-motor-bikes/rtr-ebike/","Absent",4,yes
"e bike fast cheap",20,,0,"(unlabelled, inferred)","Transactional (inferred)","Generic e-bike (bicycle demand)","/electric-motor-bikes/rtr-ebike/","Absent",4,yes
"electric bike fast cheap",20,,0,"(unlabelled, inferred)","Transactional (inferred)","Generic e-bike (bicycle demand)","/electric-motor-bikes/rtr-ebike/","Absent",4,yes
"fast but cheap e bikes",20,,0,"(unlabelled, inferred)","Transactional (inferred)","Generic e-bike (bicycle demand)","/electric-motor-bikes/rtr-ebike/","Absent",4,yes
"fastest and cheapest electric bike",20,,0,"(unlabelled, inferred)","Transactional (inferred)","Generic e-bike (bicycle demand)","/electric-motor-bikes/rtr-ebike/","Absent",4,yes
"what is the fastest ebike you can buy",20,,0,"(unlabelled, inferred)","Transactional (inferred)","Generic e-bike (bicycle demand)","/electric-motor-bikes/rtr-ebike/","Absent",4,yes
"what is the fastest electric bike you can buy",20,,0,"(unlabelled, inferred)","Transactional (inferred)","Generic e-bike (bicycle demand)","/electric-motor-bikes/rtr-ebike/","Absent",4,yes
"what's the fastest e bike you can buy",20,,0,"(unlabelled, inferred)","Transactional (inferred)","Generic e-bike (bicycle demand)","/electric-motor-bikes/rtr-ebike/","Absent",4,yes
"cheap e bikes fast",20,,0,"(unlabelled, inferred)","Transactional (inferred)","Generic e-bike (bicycle demand)","/electric-motor-bikes/rtr-ebike/","Absent",4,yes
"cheapest fastest e bike",20,,0.41,"(unlabelled, inferred)","Transactional (inferred)","Generic e-bike (bicycle demand)","/electric-motor-bikes/rtr-ebike/","Absent",4,yes
"fastest cheap e bike",20,,0,"(unlabelled, inferred)","Transactional (inferred)","Generic e-bike (bicycle demand)","/electric-motor-bikes/rtr-ebike/","Absent",4,yes
"dirt e bikes for sale",20,,0,"(unlabelled, inferred)","Transactional (inferred)","Generic e-bike (bicycle demand)","/electric-motor-bikes/rtr-ebike/","Absent",4,yes
"pole bikes for sale",20,,0,"(unlabelled, inferred)","Transactional (inferred)","Generic e-bike (bicycle demand)","/electric-motor-bikes/rtr-ebike/","Absent",4,yes
"electric balance bike for sale",20,,0,"(unlabelled, inferred)","Transactional (inferred)","Generic e-bike (bicycle demand)","/electric-motor-bikes/rtr-ebike/","Absent",4,yes
"e bikes noosaville",50,50,0.69,"Navigational, Commercial","Commercial (Semrush)","Generic e-bike (bicycle demand)","/electric-motor-bikes/rtr-ebike/","Absent",4,yes
"buy electric bike brisbane",20,,0.32,"(unlabelled, inferred)","Transactional (inferred)","Geo: Brisbane (Generic e-bike (bicycle demand))","NO PAGE YET","no page",4,yes
"e bikes for sale cairns",20,,0.53,"(unlabelled, inferred)","Transactional (inferred)","Geo: Cairns (Generic e-bike (bicycle demand))","NO PAGE YET","no page",4,yes
"electric bikes for sale hobart",20,,0,"(unlabelled, inferred)","Transactional (inferred)","Geo: Hobart (Generic e-bike (bicycle demand))","NO PAGE YET","no page",4,yes
"e bikes for sale bellevue hill",20,,0,"(unlabelled, inferred)","Transactional (inferred)","Generic e-bike (bicycle demand)","/electric-motor-bikes/rtr-ebike/","Absent",4,yes
"e bikes for sale bronte",20,,0,"(unlabelled, inferred)","Transactional (inferred)","Generic e-bike (bicycle demand)","/electric-motor-bikes/rtr-ebike/","Absent",4,yes
"e bikes for sale randwick",20,,0,"(unlabelled, inferred)","Transactional (inferred)","Generic e-bike (bicycle demand)","/electric-motor-bikes/rtr-ebike/","Absent",4,yes
"electric bike for sale liverpool",20,,0,"(unlabelled, inferred)","Transactional (inferred)","Generic e-bike (bicycle demand)","/electric-motor-bikes/rtr-ebike/","Absent",4,yes
"cruiser e bike price",20,,0,"(unlabelled, inferred)","Transactional (inferred)","Generic e-bike (bicycle demand)","/electric-motor-bikes/rtr-ebike/","Absent",4,yes
"cruiser electric bikes for sale",20,,0,"(unlabelled, inferred)","Transactional (inferred)","Generic e-bike (bicycle demand)","/electric-motor-bikes/rtr-ebike/","Absent",4,yes
"e bike cruiser for sale",20,,0,"(unlabelled, inferred)","Transactional (inferred)","Generic e-bike (bicycle demand)","/electric-motor-bikes/rtr-ebike/","Absent",4,yes
"electric bicycles for sale melbourne",30,,0.24,"(unlabelled, inferred)","Transactional (inferred)","Geo: Melbourne (Generic e-bike (bicycle demand))","NO PAGE YET","no page",4,yes
"e bike on road price",20,,0,"(unlabelled, inferred)","Transactional (inferred)","Generic e-bike (bicycle demand)","/electric-motor-bikes/rtr-ebike/","Absent",4,yes
"e bike price in melbourne",20,,0,"(unlabelled, inferred)","Transactional (inferred)","Geo: Melbourne (Generic e-bike (bicycle demand))","/electric-motor-bikes/melbourne/","Absent",4,yes
"e bike tyre price",20,,0,"(unlabelled, inferred)","Transactional (inferred)","Generic e-bike (bicycle demand)","/electric-motor-bikes/rtr-ebike/","Absent",4,yes
"ebike wheels price",20,,0,"(unlabelled, inferred)","Transactional (inferred)","Generic e-bike (bicycle demand)","/electric-motor-bikes/rtr-ebike/","Absent",4,yes
"electric bike tire replacement cost",20,,0,"(unlabelled, inferred)","Transactional (inferred)","Generic e-bike (bicycle demand)","/electric-motor-bikes/rtr-ebike/","Absent",4,yes
"electric bike tyres price",20,,0,"(unlabelled, inferred)","Transactional (inferred)","Generic e-bike (bicycle demand)","/electric-motor-bikes/rtr-ebike/","Absent",4,yes
"electric bikes melbourne sale",20,,0.87,"(unlabelled, inferred)","Transactional (inferred)","Geo: Melbourne (Generic e-bike (bicycle demand))","/electric-motor-bikes/melbourne/","Absent",4,yes
"rent to buy electric bike melbourne",20,,1.31,"(unlabelled, inferred)","Transactional (inferred)","Geo: Melbourne (Generic e-bike (bicycle demand))","/electric-motor-bikes/melbourne/","Absent",4,yes
"road e bike price",20,,0,"(unlabelled, inferred)","Transactional (inferred)","Generic e-bike (bicycle demand)","/electric-motor-bikes/rtr-ebike/","Absent",4,yes
"road electric bike price",20,,0,"(unlabelled, inferred)","Transactional (inferred)","Generic e-bike (bicycle demand)","/electric-motor-bikes/rtr-ebike/","Absent",4,yes
"road electric bikes for sale",20,,0,"(unlabelled, inferred)","Transactional (inferred)","Generic e-bike (bicycle demand)","/electric-motor-bikes/rtr-ebike/","Absent",4,yes
"dirt ebike cheap",10,,0,"(unlabelled, inferred)","Transactional (inferred)","Generic e-bike (bicycle demand)","/electric-motor-bikes/rtr-ebike/","Absent",2,yes
"billy goat ebike australia price",10,,0,"(unlabelled, inferred)","Transactional (inferred)","Generic e-bike (bicycle demand)","/electric-motor-bikes/rtr-ebike/","Absent",2,yes
"buy electric bike in france",10,,0,"(unlabelled, inferred)","Transactional (inferred)","Generic e-bike (bicycle demand)","/electric-motor-bikes/rtr-ebike/","Absent",2,yes
"cost of electric bikes in australia",10,,0.17,"(unlabelled, inferred)","Transactional (inferred)","Generic e-bike (bicycle demand)","/electric-motor-bikes/rtr-ebike/","Absent",2,yes
"price of electric bikes in australia",10,,0,"(unlabelled, inferred)","Transactional (inferred)","Generic e-bike (bicycle demand)","/electric-motor-bikes/rtr-ebike/","Absent",2,yes
"fast electric bicycle for sale",20,,0.35,"(unlabelled, inferred)","Transactional (inferred)","Generic e-bike (bicycle demand)","/electric-motor-bikes/rtr-ebike/","Absent",2,yes
"fastest electric bicycle for sale",20,,0.35,"(unlabelled, inferred)","Transactional (inferred)","Generic e-bike (bicycle demand)","/electric-motor-bikes/rtr-ebike/","Absent",2,yes
"cheap electric bikes that go fast",10,,0,"(unlabelled, inferred)","Transactional (inferred)","Generic e-bike (bicycle demand)","/electric-motor-bikes/rtr-ebike/","Absent",2,yes
"cheap fast electric bike for adults",10,,0,"(unlabelled, inferred)","Transactional (inferred)","Generic e-bike (bicycle demand)","/electric-motor-bikes/rtr-ebike/","Absent",2,yes
"cheapest fast ebike",10,,0.41,"(unlabelled, inferred)","Transactional (inferred)","Generic e-bike (bicycle demand)","/electric-motor-bikes/rtr-ebike/","Absent",2,yes
"cheapest fast electric bike",10,,0.41,"(unlabelled, inferred)","Transactional (inferred)","Generic e-bike (bicycle demand)","/electric-motor-bikes/rtr-ebike/","Absent",2,yes
"fast electric bike cheap",10,,0,"(unlabelled, inferred)","Transactional (inferred)","Generic e-bike (bicycle demand)","/electric-motor-bikes/rtr-ebike/","Absent",2,yes
"fast electric bike price",10,,0,"(unlabelled, inferred)","Transactional (inferred)","Generic e-bike (bicycle demand)","/electric-motor-bikes/rtr-ebike/","Absent",2,yes
"what's the fastest electric bike you can buy",10,,0,"(unlabelled, inferred)","Transactional (inferred)","Generic e-bike (bicycle demand)","/electric-motor-bikes/rtr-ebike/","Absent",2,yes
"e bikes for people under 5 foot",10,,0,"(unlabelled, inferred)","Transactional (inferred)","Generic e-bike (bicycle demand)","/electric-motor-bikes/rtr-ebike/","Absent",2,yes
"e bikes for riders under 5 feet tall",10,,0,"(unlabelled, inferred)","Transactional (inferred)","Generic e-bike (bicycle demand)","/electric-motor-bikes/rtr-ebike/","Absent",2,yes
"electric bike for under 16",10,,0,"(unlabelled, inferred)","Transactional (inferred)","Generic e-bike (bicycle demand)","/electric-motor-bikes/rtr-ebike/","Absent",2,yes
"buy ebike brisbane",10,,0.32,"(unlabelled, inferred)","Transactional (inferred)","Geo: Brisbane (Generic e-bike (bicycle demand))","NO PAGE YET","no page",2,yes
"e bikes for sale liverpool",10,,0,"(unlabelled, inferred)","Transactional (inferred)","Generic e-bike (bicycle demand)","/electric-motor-bikes/rtr-ebike/","Absent",2,yes
"electric bikes for sale bellevue hill",10,,0,"(unlabelled, inferred)","Transactional (inferred)","Generic e-bike (bicycle demand)","/electric-motor-bikes/rtr-ebike/","Absent",2,yes
"electric bikes for sale bronte",10,,0,"(unlabelled, inferred)","Transactional (inferred)","Generic e-bike (bicycle demand)","/electric-motor-bikes/rtr-ebike/","Absent",2,yes
"electric bikes for sale randwick",10,,0,"(unlabelled, inferred)","Transactional (inferred)","Generic e-bike (bicycle demand)","/electric-motor-bikes/rtr-ebike/","Absent",2,yes
"cheap hybrid electric bikes melbourne",10,,0,"(unlabelled, inferred)","Transactional (inferred)","Geo: Melbourne (Generic e-bike (bicycle demand))","/electric-motor-bikes/melbourne/","Absent",2,yes
"e bike rims for sale",10,,0,"(unlabelled, inferred)","Transactional (inferred)","Generic e-bike (bicycle demand)","/electric-motor-bikes/rtr-ebike/","Absent",2,yes
"ebike tire shop near me",10,,0,"(unlabelled, inferred)","Transactional (inferred)","Generic e-bike (bicycle demand)","/electric-motor-bikes/rtr-ebike/","Absent",2,yes
"ebike wheels for sale",10,,0,"(unlabelled, inferred)","Transactional (inferred)","Generic e-bike (bicycle demand)","/electric-motor-bikes/rtr-ebike/","Absent",2,yes
"electric bike price in melbourne",10,,0,"(unlabelled, inferred)","Transactional (inferred)","Geo: Melbourne (Generic e-bike (bicycle demand))","/electric-motor-bikes/melbourne/","Absent",2,yes
"electric bicycle for sale bellevue hill",10,,0,"(unlabelled, inferred)","Transactional (inferred)","Generic e-bike (bicycle demand)","/electric-motor-bikes/rtr-ebike/","Absent",1,yes
"electric bicycle for sale randwick",10,,0,"(unlabelled, inferred)","Transactional (inferred)","Generic e-bike (bicycle demand)","/electric-motor-bikes/rtr-ebike/","Absent",1,yes
"melbourne electric bicycles price",10,,0,"(unlabelled, inferred)","Transactional (inferred)","Geo: Melbourne (Generic e-bike (bicycle demand))","NO PAGE YET","no page",1,yes